Species,Stranding State,Latitude,Longitude,Date of Stranding,MP Count (Total),MP Count (Fiber),MP Count (Fragment),MP Count (Bead),MP Count (Film),MP Count (Foam),Dominant MP Color,Water Body,Human Activity Proximity
Albatrosses,Alabama,32.3134,-87.1955,4/27/2014,18,9,4,4,1,0,Yellow,Gulf of Mexico,Shipping route
Albatrosses,Washington,47.4587,-120.796,12/11/2019,86,38,46,1,0,1,Red,North Pacific,Fishing zone
Albatrosses,Washington,48.1047,-120.6652,9/18/2019,16,2,11,1,2,0,Transparent,North Pacific,Fishing zone
Albatrosses,North Carolina,35.3896,-78.798,7/23/2015,54,16,17,16,2,3,Transparent,Atlantic Ocean,Tourism area
Albatrosses,Washington,47.5655,-121.1911,5/27/2018,62,26,33,1,2,0,Blue,North Pacific,Shipping route
Albatrosses,Alabama,32.0989,-86.6436,3/27/2014,9,4,4,0,0,1,Blue,Gulf of Mexico,Fishing zone
Albatrosses,North Carolina,35.9529,-78.6365,5/17/2013,29,3,20,4,1,1,Yellow,Atlantic Ocean,Tourism area
Albatrosses,Washington,47.5909,-120.8039,9/17/2017,12,2,3,7,0,0,Transparent,North Pacific,Shipping route
Albatrosses,Alabama,32.3963,-86.7686,2/15/2017,6,2,0,2,2,0,Transparent,Gulf of Mexico,Urban proximity
Albatrosses,Maine,45.4056,-69.4981,9/24/2013,10,2,8,0,0,0,Yellow,North Atlantic,Urban proximity
Albatrosses,Maine,45.6281,-68.9987,11/13/2016,93,1,2,25,35,30,Yellow,North Atlantic,Fishing zone
Albatrosses,North Carolina,35.6478,-79.3459,10/10/2015,15,4,4,7,0,0,Red,Atlantic Ocean,Shipping route
Albatrosses,Maine,45.0379,-69.7372,6/2/2018,70,25,22,8,6,9,Black,North Atlantic,Urban proximity
Albatrosses,North Carolina,35.7203,-78.8225,9/8/2015,84,27,7,7,12,31,Transparent,Atlantic Ocean,Fishing zone
Albatrosses,Alabama,32.3379,-87.2237,10/28/2016,47,5,33,1,4,4,Blue,Gulf of Mexico,Fishing zone
Albatrosses,Maine,45.2017,-69.7182,2/10/2018,78,26,38,14,0,0,White,North Atlantic,Urban proximity
Albatrosses,Maine,45.0423,-69.1867,4/6/2013,30,14,1,12,0,3,Red,North Atlantic,Shipping route
Albatrosses,South Carolina,33.3796,-80.9252,12/7/2018,36,5,16,11,4,0,Red,Atlantic Ocean,Fishing zone
Albatrosses,South Carolina,34.3012,-80.8975,4/22/2015,99,38,16,38,0,7,Yellow,Atlantic Ocean,Urban proximity
Albatrosses,Washington,47.9753,-120.8071,5/23/2017,35,17,5,4,8,1,Blue,North Pacific,Shipping route
Albatrosses,North Carolina,35.9687,-79.4793,4/22/2015,43,16,16,10,1,0,Black,Atlantic Ocean,Urban proximity
Albatrosses,Washington,48.0241,-120.6225,5/1/2019,85,1,30,32,0,22,Black,North Pacific,Fishing zone
Albatrosses,Alabama,31.9784,-86.8097,7/7/2017,54,8,25,19,1,1,Blue,Gulf of Mexico,Shipping route
Albatrosses,Alabama,31.8689,-86.4903,4/21/2017,94,37,29,15,1,12,Black,Gulf of Mexico,Urban proximity
Albatrosses,Washington,48.0815,-120.6595,2/13/2018,11,5,0,4,2,0,Yellow,North Pacific,Shipping route
Albatrosses,Alabama,31.9961,-87.1734,12/14/2014,42,7,23,4,2,6,Red,Gulf of Mexico,Tourism area
Albatrosses,North Carolina,35.5816,-79.376,5/7/2013,72,12,3,56,0,1,White,Atlantic Ocean,Urban proximity
Albatrosses,Alabama,32.3906,-86.9578,1/20/2013,38,0,2,19,11,6,Blue,Gulf of Mexico,Urban proximity
Albatrosses,Maine,44.8184,-68.9754,12/26/2018,15,7,8,0,0,0,Yellow,North Atlantic,Shipping route
Albatrosses,South Carolina,34.0894,-81.4027,6/11/2018,63,14,16,13,0,20,Yellow,Atlantic Ocean,Shipping route
Albatrosses,Alabama,31.9017,-86.9668,3/23/2018,11,0,9,2,0,0,White,Gulf of Mexico,Urban proximity
Albatrosses,Maine,45.0046,-69.7506,3/14/2013,33,6,24,1,2,0,Yellow,North Atlantic,Shipping route
Albatrosses,North Carolina,36.1853,-79.1726,12/28/2019,10,4,3,2,1,0,Black,Atlantic Ocean,Urban proximity
Albatrosses,North Carolina,35.3526,-79.4209,4/6/2016,78,31,39,2,1,5,Yellow,Atlantic Ocean,Tourism area
Albatrosses,North Carolina,35.492,-79.2169,4/24/2014,18,1,14,1,0,2,Yellow,Atlantic Ocean,Shipping route
Albatrosses,North Carolina,36.1676,-79.2969,3/23/2015,69,34,18,17,0,0,Red,Atlantic Ocean,Fishing zone
Albatrosses,Washington,47.5622,-120.8751,5/16/2016,51,17,9,20,4,1,White,North Pacific,Tourism area
Albatrosses,North Carolina,36.1116,-78.6254,6/13/2017,64,3,17,16,6,22,Blue,Atlantic Ocean,Fishing zone
Albatrosses,Alabama,32.7842,-86.4701,10/11/2015,79,10,63,0,4,2,Red,Gulf of Mexico,Fishing zone
Albatrosses,Maine,45.182,-69.4914,4/9/2019,24,0,13,2,5,4,Black,North Atlantic,Urban proximity
Albatrosses,Alabama,31.8912,-87.1409,9/11/2016,21,8,3,8,1,1,Blue,Gulf of Mexico,Urban proximity
Albatrosses,North Carolina,35.4762,-78.6367,6/9/2017,84,23,41,0,20,0,Red,Atlantic Ocean,Shipping route
Albatrosses,Washington,47.6582,-120.3005,11/9/2018,10,2,8,0,0,0,White,North Pacific,Shipping route
Albatrosses,South Carolina,33.9366,-80.7687,1/25/2015,20,1,17,0,1,1,White,Atlantic Ocean,Shipping route
Albatrosses,Washington,48.055,-120.664,5/1/2014,47,21,5,14,2,5,Black,North Pacific,Urban proximity
Albatrosses,North Carolina,35.3164,-79.4692,10/6/2016,92,20,8,11,53,0,Red,Atlantic Ocean,Fishing zone
Albatrosses,North Carolina,35.8198,-78.725,11/24/2017,73,32,21,4,8,8,Yellow,Atlantic Ocean,Urban proximity
Albatrosses,South Carolina,34.1211,-81.529,8/27/2018,68,22,13,16,17,0,White,Atlantic Ocean,Urban proximity
Albatrosses,Alabama,31.9286,-86.5411,8/19/2018,33,7,4,12,4,6,Red,Gulf of Mexico,Tourism area
Albatrosses,Alabama,31.8559,-87.0358,9/11/2016,65,15,11,31,3,5,Transparent,Gulf of Mexico,Fishing zone
Albatrosses,Maine,44.8556,-69.5837,9/25/2017,75,16,18,40,0,1,Yellow,North Atlantic,Urban proximity
Albatrosses,North Carolina,36.2506,-79.1033,9/24/2019,45,21,13,11,0,0,White,Atlantic Ocean,Fishing zone
Albatrosses,Maine,45.345,-69.9319,2/5/2013,6,2,3,1,0,0,Transparent,North Atlantic,Shipping route
Albatrosses,Maine,45.1978,-69.4893,1/7/2014,27,5,8,5,9,0,Red,North Atlantic,Fishing zone
Albatrosses,North Carolina,36.1291,-78.5504,5/24/2018,36,1,33,0,0,2,Black,Atlantic Ocean,Shipping route
Albatrosses,Alabama,32.0932,-86.9648,1/17/2014,56,9,26,18,3,0,Transparent,Gulf of Mexico,Tourism area
Albatrosses,Alabama,31.9021,-87.2762,6/14/2019,58,12,0,31,5,10,Black,Gulf of Mexico,Tourism area
Albatrosses,South Carolina,33.8073,-80.7337,2/1/2016,34,1,26,4,0,3,White,Atlantic Ocean,Shipping route
Albatrosses,South Carolina,34.2025,-81.1429,10/13/2019,33,1,13,0,19,0,Transparent,Atlantic Ocean,Urban proximity
Albatrosses,Maine,45.5311,-69.4345,1/22/2018,40,2,2,26,9,1,Red,North Atlantic,Fishing zone
Albatrosses,Maine,44.8199,-68.9721,10/11/2016,37,3,14,1,6,13,Yellow,North Atlantic,Fishing zone
Albatrosses,Alabama,32.3463,-87.4001,2/24/2014,96,43,51,0,0,2,White,Gulf of Mexico,Tourism area
Albatrosses,Washington,48.0164,-121.0036,12/3/2014,84,25,4,48,2,5,Transparent,North Pacific,Fishing zone
Albatrosses,South Carolina,34.1105,-80.7156,1/18/2014,66,8,22,5,14,17,Transparent,Atlantic Ocean,Shipping route
Albatrosses,Maine,44.7743,-69.7103,9/13/2018,12,3,5,0,2,2,Red,North Atlantic,Fishing zone
Albatrosses,Alabama,32.6424,-86.4491,9/23/2017,78,20,24,10,13,11,Yellow,Gulf of Mexico,Shipping route
Albatrosses,Maine,45.4407,-69.735,10/5/2014,63,20,30,11,0,2,Yellow,North Atlantic,Urban proximity
Albatrosses,Maine,44.9537,-69.91,12/14/2017,47,21,25,0,1,0,Transparent,North Atlantic,Fishing zone
Albatrosses,Maine,45.1701,-69.3733,7/11/2014,56,24,22,5,1,4,Yellow,North Atlantic,Fishing zone
Albatrosses,South Carolina,33.9472,-81.2587,3/6/2018,29,8,20,1,0,0,Transparent,Atlantic Ocean,Fishing zone
Albatrosses,Alabama,32.1174,-86.9206,7/9/2017,86,9,33,15,14,15,Transparent,Gulf of Mexico,Urban proximity
Albatrosses,Alabama,32.2401,-86.5243,9/24/2019,97,30,31,17,13,6,Transparent,Gulf of Mexico,Urban proximity
Albatrosses,South Carolina,33.6087,-80.9253,4/28/2018,39,10,8,0,0,21,Yellow,Atlantic Ocean,Urban proximity
Albatrosses,Alabama,31.8892,-87.1595,2/21/2017,89,16,7,14,31,21,Blue,Gulf of Mexico,Tourism area
Albatrosses,Maine,44.973,-69.5764,3/25/2017,62,8,10,15,16,13,Yellow,North Atlantic,Urban proximity
Albatrosses,North Carolina,35.2739,-78.7135,8/6/2016,96,11,35,10,6,34,Transparent,Atlantic Ocean,Fishing zone
Albatrosses,North Carolina,35.6895,-79.3259,12/2/2014,83,11,41,13,14,4,Blue,Atlantic Ocean,Fishing zone
Albatrosses,Maine,45.2335,-68.9733,3/14/2016,44,21,18,5,0,0,White,North Atlantic,Shipping route
Albatrosses,North Carolina,35.5266,-79.113,8/9/2015,13,6,3,1,3,0,Blue,Atlantic Ocean,Tourism area
Albatrosses,Maine,45.3688,-69.632,7/14/2017,95,1,85,7,0,2,White,North Atlantic,Urban proximity
Anchovies,North Carolina,36.0914,-79.4732,5/4/2015,75,5,16,11,40,3,Red,Atlantic Ocean,Shipping route
Anchovies,South Carolina,33.379,-80.6737,5/11/2013,21,1,8,1,10,1,Transparent,Atlantic Ocean,Shipping route
Anchovies,Washington,47.545,-120.2508,4/14/2015,79,34,1,41,0,3,Yellow,North Pacific,Fishing zone
Anchovies,Alabama,32.7472,-86.9765,10/25/2019,66,22,16,23,0,5,Yellow,Gulf of Mexico,Shipping route
Anchovies,North Carolina,35.6846,-78.8505,12/4/2017,26,13,0,6,6,1,Blue,Atlantic Ocean,Urban proximity
Anchovies,South Carolina,33.7902,-80.9027,5/19/2018,48,18,7,19,1,3,Yellow,Atlantic Ocean,Shipping route
Anchovies,Washington,47.3072,-121.2269,5/2/2014,96,40,35,7,13,1,Yellow,North Pacific,Tourism area
Anchovies,South Carolina,34.1579,-80.7593,12/19/2018,79,10,16,36,6,11,Black,Atlantic Ocean,Fishing zone
Anchovies,Alabama,32.5891,-86.7478,4/22/2017,23,8,4,3,2,6,Yellow,Gulf of Mexico,Tourism area
Anchovies,Alabama,32.5868,-87.0777,7/1/2013,62,7,22,31,2,0,Transparent,Gulf of Mexico,Tourism area
Anchovies,Alabama,32.7834,-87.0294,4/20/2018,19,3,10,0,1,5,Red,Gulf of Mexico,Urban proximity
Anchovies,Maine,44.8664,-69.1725,6/2/2018,64,29,24,5,5,1,Blue,North Atlantic,Urban proximity
Anchovies,Washington,47.4278,-120.8686,11/2/2017,50,25,3,5,0,17,Transparent,North Pacific,Fishing zone
Anchovies,Washington,47.7856,-121.1172,12/27/2014,80,31,14,0,13,22,White,North Pacific,Urban proximity
Anchovies,North Carolina,35.4927,-78.5362,8/5/2014,39,3,8,4,0,24,Blue,Atlantic Ocean,Shipping route
Anchovies,North Carolina,36.2072,-79.2069,12/19/2018,94,20,30,23,20,1,Blue,Atlantic Ocean,Tourism area
Anchovies,North Carolina,35.632,-79.2879,4/3/2018,6,3,1,0,1,1,Yellow,Atlantic Ocean,Fishing zone
Anchovies,Alabama,31.9276,-86.8451,3/10/2017,60,11,2,2,18,27,White,Gulf of Mexico,Urban proximity
Anchovies,South Carolina,33.8993,-81.1892,10/2/2013,11,5,3,3,0,0,Black,Atlantic Ocean,Shipping route
Anchovies,Alabama,32.6446,-87.3748,3/2/2014,74,29,42,2,1,0,Transparent,Gulf of Mexico,Urban proximity
Anchovies,Alabama,31.8496,-86.7755,10/6/2018,92,22,59,8,2,1,Blue,Gulf of Mexico,Fishing zone
Anchovies,Maine,45.3062,-69.0211,12/14/2019,100,24,51,13,6,6,Transparent,North Atlantic,Fishing zone
Anchovies,North Carolina,35.5456,-79.5009,5/3/2017,75,35,35,3,2,0,Red,Atlantic Ocean,Fishing zone
Anchovies,Maine,45.3814,-69.1956,10/18/2018,21,7,0,7,5,2,Black,North Atlantic,Tourism area
Anchovies,Washington,48.1543,-120.7028,11/21/2017,13,5,3,0,3,2,White,North Pacific,Urban proximity
Anchovies,South Carolina,33.9169,-81.4788,5/19/2016,88,43,14,8,4,19,White,Atlantic Ocean,Urban proximity
Anchovies,South Carolina,34.0804,-81.0372,11/15/2013,96,46,47,1,0,2,White,Atlantic Ocean,Fishing zone
Anchovies,Washington,48.1622,-120.2685,2/7/2015,43,18,1,19,3,2,Blue,North Pacific,Tourism area
Anchovies,North Carolina,35.5372,-78.7418,10/5/2019,16,5,11,0,0,0,Yellow,Atlantic Ocean,Urban proximity
Anchovies,Washington,48.0198,-120.6896,7/23/2014,34,15,16,2,1,0,Red,North Pacific,Fishing zone
Anchovies,South Carolina,33.5309,-80.8811,8/25/2017,31,11,13,3,3,1,Black,Atlantic Ocean,Urban proximity
Anchovies,North Carolina,35.9512,-79.5036,9/8/2013,8,4,2,0,2,0,Yellow,Atlantic Ocean,Shipping route
Anchovies,South Carolina,34.1891,-80.683,3/17/2016,94,32,2,42,14,4,Transparent,Atlantic Ocean,Fishing zone
Anchovies,South Carolina,33.4601,-81.0243,1/8/2017,92,38,4,43,7,0,Red,Atlantic Ocean,Tourism area
Anchovies,Alabama,31.9606,-87.0545,12/23/2013,60,17,3,40,0,0,Red,Gulf of Mexico,Fishing zone
Anchovies,Washington,47.7777,-120.8956,11/19/2016,70,17,1,9,16,27,Red,North Pacific,Shipping route
Anchovies,South Carolina,33.8477,-81.6589,10/16/2014,13,6,0,2,0,5,White,Atlantic Ocean,Shipping route
Anchovies,North Carolina,35.9371,-79.1564,8/11/2016,15,7,4,1,3,0,Yellow,Atlantic Ocean,Fishing zone
Anchovies,South Carolina,33.7436,-80.6708,10/7/2018,8,2,0,6,0,0,Blue,Atlantic Ocean,Tourism area
Anchovies,Alabama,32.7866,-86.8506,2/17/2016,68,22,18,16,2,10,Red,Gulf of Mexico,Shipping route
Anchovies,Washington,47.9689,-120.5037,10/21/2014,35,8,10,0,7,10,Blue,North Pacific,Urban proximity
Anchovies,South Carolina,33.9734,-80.9885,9/20/2018,9,0,4,1,1,3,Blue,Atlantic Ocean,Shipping route
Anchovies,Washington,48.1646,-120.2889,1/4/2015,47,3,1,19,16,8,Black,North Pacific,Urban proximity
Anchovies,South Carolina,33.5896,-80.7982,5/25/2019,77,26,29,7,3,12,White,Atlantic Ocean,Fishing zone
Anchovies,South Carolina,34.3347,-81.281,2/24/2013,35,6,21,7,1,0,Red,Atlantic Ocean,Urban proximity
Anchovies,South Carolina,33.6142,-81.3851,8/13/2019,80,15,14,32,2,17,Black,Atlantic Ocean,Shipping route
Anchovies,North Carolina,35.8598,-78.9118,8/4/2018,81,38,3,30,8,2,Blue,Atlantic Ocean,Fishing zone
Anchovies,North Carolina,35.969,-79.4388,4/16/2016,34,7,22,2,0,3,Yellow,Atlantic Ocean,Urban proximity
Anchovies,Maine,45.5811,-69.332,6/4/2019,19,4,5,4,3,3,Red,North Atlantic,Tourism area
Anchovies,Washington,47.4843,-120.7282,10/19/2016,74,29,28,4,12,1,Red,North Pacific,Fishing zone
Anchovies,North Carolina,35.2906,-79.2948,2/9/2017,74,33,41,0,0,0,Black,Atlantic Ocean,Fishing zone
Anchovies,South Carolina,33.4784,-80.7975,6/5/2017,88,28,16,27,12,5,Blue,Atlantic Ocean,Urban proximity
Anchovies,Alabama,32.5968,-87.1534,11/7/2013,63,6,47,3,5,2,Red,Gulf of Mexico,Urban proximity
Anchovies,Maine,45.3313,-69.8928,2/15/2014,51,11,4,18,7,11,White,North Atlantic,Tourism area
Anchovies,North Carolina,35.6503,-78.9144,7/19/2013,67,9,50,2,4,2,Yellow,Atlantic Ocean,Shipping route
Anchovies,North Carolina,35.7202,-79.4229,9/5/2016,29,5,10,14,0,0,White,Atlantic Ocean,Shipping route
Anchovies,Alabama,32.0862,-86.7143,9/15/2013,95,17,70,8,0,0,Black,Gulf of Mexico,Tourism area
Anchovies,North Carolina,36.0593,-78.9276,5/16/2014,70,30,4,21,13,2,Black,Atlantic Ocean,Shipping route
Anchovies,Washington,47.2918,-120.3927,1/7/2017,71,25,35,6,2,3,Transparent,North Pacific,Urban proximity
Anchovies,Maine,45.0263,-69.4756,1/16/2017,58,5,21,15,12,5,Red,North Atlantic,Shipping route
Anchovies,North Carolina,35.441,-78.7584,5/9/2018,82,32,9,0,24,17,Transparent,Atlantic Ocean,Tourism area
Anchovies,North Carolina,35.5533,-79.0975,8/2/2014,83,23,59,0,1,0,Red,Atlantic Ocean,Urban proximity
Anchovies,Alabama,32.6054,-86.7194,6/9/2016,72,26,19,14,10,3,Black,Gulf of Mexico,Urban proximity
Anchovies,North Carolina,35.3326,-78.5883,8/6/2017,67,33,28,2,3,1,Yellow,Atlantic Ocean,Shipping route
Anchovies,Alabama,32.3983,-86.8545,8/12/2013,32,14,11,3,0,4,Red,Gulf of Mexico,Fishing zone
Anchovies,Washington,48.0627,-120.7489,8/21/2018,89,1,58,2,18,10,Yellow,North Pacific,Fishing zone
Anchovies,Alabama,32.2394,-87.0069,4/2/2019,95,2,44,36,8,5,Transparent,Gulf of Mexico,Shipping route
Anchovies,South Carolina,33.8835,-81.475,11/28/2019,79,3,55,4,1,16,Black,Atlantic Ocean,Tourism area
Anchovies,North Carolina,35.7156,-79.266,10/27/2014,50,2,29,19,0,0,Transparent,Atlantic Ocean,Fishing zone
Anchovies,Maine,44.8889,-69.6752,7/3/2016,19,8,6,5,0,0,White,North Atlantic,Fishing zone
Anchovies,Washington,47.5137,-120.5771,1/9/2014,25,2,18,0,1,4,White,North Pacific,Shipping route
Anchovies,Alabama,32.1094,-86.4875,4/28/2017,98,40,51,4,2,1,Transparent,Gulf of Mexico,Fishing zone
Anchovies,Alabama,32.3363,-87.1936,2/26/2018,61,7,25,20,9,0,Yellow,Gulf of Mexico,Urban proximity
Anchovies,Maine,45.6677,-69.6257,12/17/2016,5,1,3,1,0,0,Transparent,North Atlantic,Tourism area
Anchovies,Washington,47.5609,-120.9391,9/25/2013,51,3,34,13,0,1,Red,North Pacific,Fishing zone
Anchovies,North Carolina,35.9343,-78.8468,9/18/2013,49,17,13,9,8,2,Transparent,Atlantic Ocean,Urban proximity
Anchovies,Washington,48.1476,-120.858,7/21/2016,75,34,12,8,19,2,Red,North Pacific,Tourism area
Coral,Alabama,32.5663,-87.2969,7/6/2019,69,20,48,1,0,0,Red,Gulf of Mexico,Urban proximity
Coral,South Carolina,34.0049,-80.9528,3/28/2018,45,2,5,15,0,23,Blue,Atlantic Ocean,Tourism area
Coral,Alabama,32.6174,-86.9554,6/8/2017,28,5,10,10,3,0,Black,Gulf of Mexico,Shipping route
Coral,Maine,44.9875,-69.586,1/17/2017,83,21,60,1,0,1,White,North Atlantic,Urban proximity
Coral,Maine,44.8438,-69.0768,3/3/2017,29,3,16,9,0,1,Transparent,North Atlantic,Shipping route
Coral,South Carolina,33.8184,-81.2412,2/8/2019,59,26,6,5,19,3,Yellow,Atlantic Ocean,Shipping route
Coral,Alabama,32.0852,-86.5895,11/8/2016,78,30,4,30,9,5,Transparent,Gulf of Mexico,Fishing zone
Coral,Washington,47.9973,-120.2904,2/9/2016,31,7,23,1,0,0,Black,North Pacific,Fishing zone
Coral,South Carolina,34.2526,-81.0804,1/6/2019,51,15,34,1,0,1,Yellow,Atlantic Ocean,Urban proximity
Coral,Maine,44.8223,-69.4909,10/14/2015,42,11,24,1,0,6,Blue,North Atlantic,Urban proximity
Coral,Maine,45.6227,-69.0777,1/15/2013,21,1,5,5,9,1,Blue,North Atlantic,Tourism area
Coral,Maine,45.0198,-69.0324,10/13/2014,77,35,42,0,0,0,Transparent,North Atlantic,Fishing zone
Coral,South Carolina,33.8024,-80.9593,3/22/2016,76,37,18,11,7,3,Black,Atlantic Ocean,Fishing zone
Coral,South Carolina,33.8611,-80.6699,8/3/2016,88,37,23,3,22,3,Transparent,Atlantic Ocean,Fishing zone
Coral,Maine,45.3235,-69.3662,8/18/2018,90,14,19,9,20,28,Yellow,North Atlantic,Shipping route
Coral,Alabama,32.114,-86.6457,4/23/2017,39,13,9,11,6,0,White,Gulf of Mexico,Shipping route
Coral,North Carolina,35.8402,-79.2343,1/1/2015,53,2,47,0,4,0,Yellow,Atlantic Ocean,Tourism area
Coral,Washington,48.1529,-121.064,2/1/2019,91,43,46,1,1,0,Transparent,North Pacific,Fishing zone
Coral,South Carolina,33.8051,-81.2761,12/15/2015,29,13,3,0,3,10,Red,Atlantic Ocean,Fishing zone
Coral,Washington,48.2147,-120.6953,10/24/2015,24,12,4,7,1,0,Black,North Pacific,Tourism area
Coral,North Carolina,35.4249,-79.3777,12/5/2014,54,15,4,1,20,14,Yellow,Atlantic Ocean,Tourism area
Coral,Maine,44.8265,-69.7429,9/22/2019,86,38,36,3,7,2,White,North Atlantic,Tourism area
Coral,North Carolina,36.2473,-79.0661,6/21/2015,23,0,11,7,2,3,Red,Atlantic Ocean,Shipping route
Coral,Maine,45.2351,-69.2647,6/7/2018,65,14,33,3,1,14,Red,North Atlantic,Shipping route
Coral,South Carolina,33.8476,-80.9962,5/2/2016,29,8,19,0,2,0,Black,Atlantic Ocean,Tourism area
Coral,North Carolina,35.7777,-79.1434,5/23/2017,38,17,10,11,0,0,Blue,Atlantic Ocean,Shipping route
Coral,North Carolina,35.999,-79.1834,5/1/2015,38,4,19,13,2,0,White,Atlantic Ocean,Shipping route
Coral,North Carolina,35.836,-79.4029,5/7/2017,94,3,78,12,0,1,Red,Atlantic Ocean,Urban proximity
Coral,Washington,47.7774,-120.3451,4/8/2014,36,7,17,6,1,5,Transparent,North Pacific,Tourism area
Coral,Alabama,32.5377,-86.9017,7/12/2018,10,3,3,3,0,1,Black,Gulf of Mexico,Tourism area
Coral,North Carolina,35.3117,-78.9335,12/1/2014,19,3,16,0,0,0,White,Atlantic Ocean,Shipping route
Coral,Washington,47.4059,-120.6054,10/26/2018,46,5,27,1,13,0,White,North Pacific,Tourism area
Coral,South Carolina,33.7632,-80.894,3/10/2018,35,14,2,5,2,12,Red,Atlantic Ocean,Urban proximity
Coral,South Carolina,33.9826,-81.275,12/26/2014,92,0,64,2,12,14,Red,Atlantic Ocean,Tourism area
Coral,Washington,47.409,-120.9886,5/5/2017,47,17,18,8,4,0,Blue,North Pacific,Fishing zone
Coral,Alabama,32.2766,-87.3248,2/27/2018,64,30,2,19,3,10,Black,Gulf of Mexico,Shipping route
Coral,Alabama,32.6621,-87.2089,12/8/2014,33,10,1,16,4,2,Transparent,Gulf of Mexico,Fishing zone
Coral,Alabama,32.6113,-87.3977,9/1/2014,49,1,12,3,25,8,Yellow,Gulf of Mexico,Tourism area
Coral,South Carolina,33.3786,-80.8961,8/17/2016,81,17,0,6,32,26,Black,Atlantic Ocean,Fishing zone
Coral,Maine,44.9196,-69.7149,11/15/2013,13,5,0,6,2,0,Blue,North Atlantic,Urban proximity
Coral,South Carolina,34.3309,-81.3735,7/13/2014,46,19,27,0,0,0,Yellow,Atlantic Ocean,Fishing zone
Coral,Washington,47.3914,-120.7335,12/3/2018,31,7,21,2,0,1,Red,North Pacific,Shipping route
Coral,South Carolina,33.3946,-80.8377,7/1/2015,76,10,35,22,2,7,Black,Atlantic Ocean,Fishing zone
Coral,Alabama,32.073,-86.6747,2/5/2016,65,0,10,49,0,6,Blue,Gulf of Mexico,Shipping route
Coral,Maine,44.7829,-69.9428,8/11/2014,61,2,0,4,39,16,Red,North Atlantic,Fishing zone
Coral,Alabama,32.7938,-86.5154,10/8/2019,96,21,66,1,8,0,Black,Gulf of Mexico,Fishing zone
Coral,North Carolina,35.577,-79.2726,2/14/2016,78,34,24,11,5,4,Yellow,Atlantic Ocean,Fishing zone
Coral,North Carolina,36.2514,-78.6997,6/8/2016,16,3,11,1,1,0,Black,Atlantic Ocean,Fishing zone
Coral,North Carolina,35.6319,-79.488,3/28/2016,7,3,2,2,0,0,Blue,Atlantic Ocean,Shipping route
Coral,Maine,45.4766,-69.366,7/17/2014,86,24,58,0,0,4,White,North Atlantic,Tourism area
Coral,Maine,45.6131,-69.1295,4/15/2015,39,17,1,6,12,3,Red,North Atlantic,Fishing zone
Coral,Maine,44.8559,-69.7912,8/17/2014,18,1,3,5,1,8,White,North Atlantic,Shipping route
Coral,South Carolina,33.7344,-81.56,5/3/2019,21,0,20,1,0,0,White,Atlantic Ocean,Shipping route
Coral,South Carolina,33.9495,-80.882,11/21/2018,45,9,24,12,0,0,White,Atlantic Ocean,Tourism area
Coral,Maine,45.6315,-69.8158,5/1/2018,37,1,24,7,1,4,Red,North Atlantic,Tourism area
Coral,Maine,45.0824,-69.003,9/2/2017,75,36,2,29,3,5,White,North Atlantic,Tourism area
Coral,Maine,45.309,-69.8507,12/23/2018,79,25,18,13,7,16,Red,North Atlantic,Tourism area
Coral,North Carolina,36.0173,-79.4611,8/21/2015,92,43,12,36,1,0,Blue,Atlantic Ocean,Shipping route
Coral,Washington,48.2069,-120.6981,7/18/2014,95,46,2,36,9,2,Yellow,North Pacific,Shipping route
Coral,South Carolina,33.7919,-81.6023,8/26/2017,81,2,63,11,4,1,Yellow,Atlantic Ocean,Urban proximity
Coral,Washington,48.0427,-120.7085,5/6/2019,27,3,12,7,1,4,Black,North Pacific,Fishing zone
Coral,Alabama,31.8417,-87.1873,9/7/2013,63,24,13,11,5,10,Blue,Gulf of Mexico,Urban proximity
Coral,Alabama,32.2292,-87.008,7/9/2014,75,25,39,11,0,0,White,Gulf of Mexico,Tourism area
Coral,Washington,47.2679,-120.9025,10/1/2014,9,0,4,2,3,0,Black,North Pacific,Tourism area
Coral,Washington,48.0034,-120.8193,7/28/2017,82,14,40,26,1,1,Yellow,North Pacific,Fishing zone
Coral,Alabama,32.5957,-86.9453,7/5/2015,13,1,7,5,0,0,Black,Gulf of Mexico,Shipping route
Coral,North Carolina,36.1687,-78.5363,3/9/2013,7,0,1,0,0,6,Transparent,Atlantic Ocean,Urban proximity
Coral,Washington,47.3983,-120.8136,4/11/2019,33,1,0,20,11,1,White,North Pacific,Shipping route
Coral,Maine,44.9932,-69.1794,11/11/2014,81,10,54,0,4,13,Transparent,North Atlantic,Urban proximity
Coral,Alabama,31.9785,-87.3605,12/25/2019,89,31,19,4,24,11,Transparent,Gulf of Mexico,Fishing zone
Coral,Washington,47.8292,-121.178,1/17/2017,69,28,2,35,3,1,Black,North Pacific,Fishing zone
Coral,Alabama,32.5295,-87.3756,6/20/2019,16,8,7,0,0,1,Blue,Gulf of Mexico,Urban proximity
Coral,Washington,47.4684,-120.5133,8/17/2015,76,27,11,28,1,9,White,North Pacific,Tourism area
Coral,Alabama,32.4791,-87.0689,12/23/2013,55,15,13,4,3,20,Red,Gulf of Mexico,Shipping route
Coral,Washington,47.6923,-120.5302,8/13/2014,38,5,16,16,0,1,Blue,North Pacific,Fishing zone
Coral,Alabama,32.6661,-86.8338,6/2/2013,31,15,12,4,0,0,White,Gulf of Mexico,Fishing zone
Coral,Alabama,32.4739,-86.5548,11/11/2016,92,35,54,3,0,0,Transparent,Gulf of Mexico,Tourism area
Coral,Washington,47.9175,-120.4004,2/22/2015,97,9,9,34,18,27,Black,North Pacific,Tourism area
Coral,Maine,45.2738,-69.6823,4/2/2019,95,25,19,19,29,3,Transparent,North Atlantic,Fishing zone
Coral,Alabama,32.6646,-87.2546,5/27/2017,46,22,5,9,10,0,Red,Gulf of Mexico,Shipping route
Coral,North Carolina,35.6741,-79.2755,8/4/2014,89,20,16,25,27,1,Black,Atlantic Ocean,Shipping route
Coral,South Carolina,33.5115,-80.8897,3/13/2014,9,2,1,6,0,0,Black,Atlantic Ocean,Urban proximity
Coral,Washington,47.2747,-121.057,11/18/2013,39,14,1,1,22,1,White,North Pacific,Shipping route
Coral,North Carolina,36.0665,-78.5752,2/4/2013,62,25,5,7,25,0,Black,Atlantic Ocean,Tourism area
Coral,Alabama,31.8767,-86.6971,12/10/2013,95,14,39,25,12,5,White,Gulf of Mexico,Urban proximity
Coral,Maine,45.4704,-69.1749,4/16/2017,53,21,14,5,3,10,Red,North Atlantic,Shipping route
Coral,Alabama,32.4257,-87.3171,7/7/2014,28,13,3,10,1,1,Transparent,Gulf of Mexico,Urban proximity
Coral,Maine,45.738,-69.776,12/22/2015,30,3,9,3,7,8,White,North Atlantic,Fishing zone
Coral,South Carolina,33.5483,-80.8935,7/2/2016,80,18,49,8,4,1,Black,Atlantic Ocean,Shipping route
Coral,Maine,45.1134,-69.1421,9/3/2015,22,11,7,2,1,1,Yellow,North Atlantic,Tourism area
Coral,Alabama,32.195,-87.0035,8/13/2019,75,3,72,0,0,0,Transparent,Gulf of Mexico,Tourism area
Mackerel,Maine,45.5158,-69.7561,3/21/2017,96,27,4,36,4,25,White,North Atlantic,Urban proximity
Mackerel,Maine,45.633,-69.665,1/14/2018,55,12,38,0,5,0,Transparent,North Atlantic,Shipping route
Mackerel,Alabama,32.6295,-86.4669,8/21/2018,57,2,39,4,4,8,Black,Gulf of Mexico,Tourism area
Mackerel,North Carolina,35.9115,-79.3451,3/21/2019,57,17,13,8,11,8,Black,Atlantic Ocean,Fishing zone
Mackerel,Maine,44.8836,-69.3322,3/22/2017,77,20,25,1,18,13,Black,North Atlantic,Tourism area
Mackerel,North Carolina,36.0775,-78.8793,2/22/2017,8,1,2,5,0,0,Black,Atlantic Ocean,Tourism area
Mackerel,Maine,45.3516,-69.1857,1/11/2019,10,3,5,0,1,1,White,North Atlantic,Urban proximity
Mackerel,Alabama,32.6948,-86.6736,7/24/2019,69,31,6,16,10,6,Yellow,Gulf of Mexico,Shipping route
Mackerel,North Carolina,35.8448,-78.8948,11/20/2013,56,23,21,10,2,0,Black,Atlantic Ocean,Tourism area
Mackerel,Maine,45.7385,-69.4428,10/27/2014,37,18,13,6,0,0,Red,North Atlantic,Fishing zone
Mackerel,South Carolina,33.7936,-81.1197,10/14/2017,13,2,10,0,0,1,Black,Atlantic Ocean,Tourism area
Mackerel,Washington,47.5562,-120.7996,12/13/2014,33,7,10,2,3,11,Red,North Pacific,Fishing zone
Mackerel,Alabama,31.9435,-86.4119,11/6/2018,53,26,6,18,0,3,Yellow,Gulf of Mexico,Shipping route
Mackerel,Washington,47.3649,-120.5822,7/11/2016,31,10,10,6,0,5,Yellow,North Pacific,Shipping route
Mackerel,Maine,44.8024,-69.3346,4/11/2019,25,6,10,1,2,6,Transparent,North Atlantic,Tourism area
Mackerel,Maine,45.3002,-69.0358,6/22/2015,36,11,10,7,8,0,Yellow,North Atlantic,Shipping route
Mackerel,Alabama,32.5913,-87.2509,4/12/2015,82,10,31,37,0,4,Blue,Gulf of Mexico,Urban proximity
Mackerel,South Carolina,33.5725,-80.8768,11/23/2013,11,1,4,4,2,0,Black,Atlantic Ocean,Shipping route
Mackerel,Maine,45.2689,-69.8341,8/10/2018,8,3,3,2,0,0,Red,North Atlantic,Shipping route
Mackerel,South Carolina,33.5203,-80.7324,11/4/2015,5,2,1,1,0,1,Black,Atlantic Ocean,Urban proximity
Mackerel,Maine,44.8965,-69.3025,9/10/2014,36,16,14,3,1,2,Black,North Atlantic,Tourism area
Mackerel,Washington,47.3146,-120.8112,9/6/2018,42,2,0,28,10,2,Yellow,North Pacific,Fishing zone
Mackerel,North Carolina,35.3605,-79.4191,8/2/2013,81,0,0,52,20,9,Red,Atlantic Ocean,Tourism area
Mackerel,Alabama,32.151,-86.6471,3/23/2017,42,13,13,8,3,5,Red,Gulf of Mexico,Tourism area
Mackerel,North Carolina,36.1369,-78.7691,12/7/2018,50,19,3,17,10,1,Black,Atlantic Ocean,Tourism area
Mackerel,North Carolina,36.0898,-79.3337,7/3/2019,37,0,11,24,1,1,Blue,Atlantic Ocean,Fishing zone
Mackerel,Maine,45.0777,-69.832,6/17/2016,14,6,6,0,2,0,Yellow,North Atlantic,Shipping route
Mackerel,Maine,45.586,-69.7436,9/4/2015,84,29,15,31,9,0,Black,North Atlantic,Urban proximity
Mackerel,Washington,47.565,-120.7225,10/14/2019,98,20,23,31,13,11,Transparent,North Pacific,Tourism area
Mackerel,South Carolina,33.9142,-81.5343,11/22/2015,82,34,45,3,0,0,White,Atlantic Ocean,Shipping route
Mackerel,Washington,48.2334,-121.2219,9/23/2014,17,1,4,0,9,3,Yellow,North Pacific,Urban proximity
Mackerel,South Carolina,33.8889,-80.7622,8/26/2017,63,19,0,16,0,28,Blue,Atlantic Ocean,Shipping route
Mackerel,Maine,45.7527,-69.1546,4/10/2013,41,19,21,1,0,0,White,North Atlantic,Shipping route
Mackerel,Alabama,31.8406,-86.4671,12/28/2014,20,9,8,3,0,0,White,Gulf of Mexico,Urban proximity
Mackerel,South Carolina,33.5081,-81.0709,7/12/2014,15,1,11,1,2,0,Black,Atlantic Ocean,Fishing zone
Mackerel,Washington,47.6401,-120.5806,12/27/2014,91,24,20,20,9,18,Red,North Pacific,Shipping route
Mackerel,Washington,47.3762,-121.1341,11/9/2017,78,6,18,24,24,6,Blue,North Pacific,Shipping route
Mackerel,North Carolina,35.8724,-79.4107,3/18/2018,33,2,7,2,17,5,Red,Atlantic Ocean,Urban proximity
Mackerel,Alabama,31.8754,-87.3316,11/13/2017,46,18,6,12,0,10,Transparent,Gulf of Mexico,Urban proximity
Mackerel,Alabama,31.9407,-86.7255,1/26/2014,65,20,17,22,4,2,Transparent,Gulf of Mexico,Urban proximity
Mackerel,North Carolina,36.1612,-79.2301,1/27/2017,14,1,9,0,1,3,Yellow,Atlantic Ocean,Tourism area
Mackerel,South Carolina,33.4868,-81.2073,4/17/2019,60,16,43,0,1,0,Black,Atlantic Ocean,Tourism area
Mackerel,Washington,47.601,-120.2602,12/10/2017,42,3,36,3,0,0,White,North Pacific,Fishing zone
Mackerel,North Carolina,35.8747,-79.1902,12/11/2019,43,4,10,0,20,9,Black,Atlantic Ocean,Shipping route
Mackerel,North Carolina,35.6705,-78.913,4/7/2013,17,3,8,3,0,3,Yellow,Atlantic Ocean,Shipping route
Mackerel,South Carolina,34.2073,-81.2357,11/8/2017,97,14,28,50,4,1,Black,Atlantic Ocean,Urban proximity
Mackerel,Washington,48.1288,-120.2533,5/21/2016,98,12,21,53,1,11,Transparent,North Pacific,Urban proximity
Mackerel,North Carolina,35.9974,-79.0533,5/11/2015,10,0,4,0,5,1,Red,Atlantic Ocean,Tourism area
Mackerel,Alabama,32.312,-86.4879,4/8/2019,82,14,49,2,8,9,Transparent,Gulf of Mexico,Urban proximity
Mackerel,Maine,45.117,-69.2508,1/11/2018,99,2,6,5,67,19,Transparent,North Atlantic,Tourism area
Mackerel,South Carolina,33.5672,-81.4152,3/15/2016,56,22,10,2,3,19,Transparent,Atlantic Ocean,Urban proximity
Mackerel,South Carolina,33.6382,-81.1505,3/23/2019,81,30,30,0,7,14,Transparent,Atlantic Ocean,Urban proximity
Mackerel,Washington,47.7928,-120.5002,9/23/2017,50,15,28,7,0,0,Blue,North Pacific,Fishing zone
Mackerel,South Carolina,33.6517,-81.0945,3/10/2017,68,19,15,0,12,22,Blue,Atlantic Ocean,Tourism area
Mackerel,South Carolina,34.1642,-81.4441,1/12/2015,66,3,22,27,3,11,Blue,Atlantic Ocean,Urban proximity
Mackerel,Washington,47.2926,-120.3798,8/15/2014,67,29,14,3,16,5,White,North Pacific,Shipping route
Mackerel,Maine,45.2105,-69.4712,11/24/2016,48,19,1,6,19,3,Red,North Atlantic,Fishing zone
Mackerel,Alabama,32.3967,-87.3393,2/23/2013,8,3,4,0,0,1,White,Gulf of Mexico,Urban proximity
Mackerel,North Carolina,35.5789,-79.5147,10/7/2014,57,16,0,11,28,2,Black,Atlantic Ocean,Fishing zone
Mackerel,Washington,47.6797,-120.8894,4/11/2014,19,0,4,4,0,11,Yellow,North Pacific,Tourism area
Mackerel,North Carolina,35.7358,-79.0988,10/19/2014,77,38,4,19,2,14,Yellow,Atlantic Ocean,Fishing zone
Mackerel,Alabama,32.6901,-87.0262,9/20/2014,64,0,11,41,2,10,Blue,Gulf of Mexico,Tourism area
Mackerel,North Carolina,35.6343,-79.0355,7/1/2014,33,0,24,1,0,8,Blue,Atlantic Ocean,Fishing zone
Mackerel,North Carolina,35.29,-79.4447,7/10/2014,40,17,0,20,3,0,Blue,Atlantic Ocean,Tourism area
Mackerel,Maine,44.8061,-69.2823,11/13/2015,52,13,21,6,4,8,Red,North Atlantic,Shipping route
Mackerel,Maine,45.3204,-69.6016,7/25/2013,49,0,38,11,0,0,Yellow,North Atlantic,Tourism area
Mackerel,Washington,48.0964,-120.7084,12/3/2013,31,2,1,7,11,10,Yellow,North Pacific,Shipping route
Mackerel,Alabama,32.6731,-87.2856,6/25/2014,36,8,28,0,0,0,Red,Gulf of Mexico,Fishing zone
Mackerel,North Carolina,36.231,-79.2121,1/24/2016,62,24,37,0,1,0,Black,Atlantic Ocean,Tourism area
Mackerel,North Carolina,35.3758,-78.7791,10/8/2013,32,10,3,9,4,6,Blue,Atlantic Ocean,Fishing zone
Mackerel,Alabama,32.6645,-86.4335,11/1/2017,76,3,3,53,1,16,White,Gulf of Mexico,Fishing zone
Mackerel,North Carolina,36.1763,-78.7422,10/6/2013,85,42,29,6,1,7,White,Atlantic Ocean,Urban proximity
Mackerel,Washington,47.8731,-120.6711,8/27/2018,15,7,1,7,0,0,Yellow,North Pacific,Urban proximity
Mackerel,Washington,48.0886,-120.7717,11/13/2016,27,0,15,2,9,1,Blue,North Pacific,Tourism area
Mackerel,South Carolina,34.3038,-81.0884,10/2/2019,49,18,10,21,0,0,Transparent,Atlantic Ocean,Tourism area
Mackerel,North Carolina,35.381,-79.0084,9/13/2015,29,9,4,10,4,2,Transparent,Atlantic Ocean,Tourism area
Mussels,South Carolina,34.1732,-80.7723,8/17/2014,90,3,86,0,0,1,Red,Atlantic Ocean,Tourism area
Mussels,Maine,44.7586,-69.7914,4/10/2014,37,7,27,0,3,0,Black,North Atlantic,Urban proximity
Mussels,South Carolina,33.5912,-81.588,7/16/2015,39,7,17,15,0,0,Blue,Atlantic Ocean,Tourism area
Mussels,Alabama,31.9583,-87.3689,11/7/2014,42,21,13,7,1,0,Red,Gulf of Mexico,Fishing zone
Mussels,Alabama,32.3284,-87.2274,6/9/2013,32,15,11,0,2,4,Yellow,Gulf of Mexico,Fishing zone
Mussels,Maine,45.4857,-69.6726,3/7/2013,54,2,0,37,15,0,Blue,North Atlantic,Shipping route
Mussels,South Carolina,34.0203,-81.4979,4/8/2019,68,13,42,10,1,2,Black,Atlantic Ocean,Urban proximity
Mussels,South Carolina,34.0694,-81.1025,3/23/2017,77,0,77,0,0,0,White,Atlantic Ocean,Shipping route
Mussels,North Carolina,35.5038,-79.4144,7/6/2018,28,3,23,1,0,1,Blue,Atlantic Ocean,Fishing zone
Mussels,North Carolina,35.7788,-79.344,1/12/2014,51,25,0,4,3,19,Black,Atlantic Ocean,Tourism area
Mussels,South Carolina,33.3874,-81.438,3/23/2019,21,3,0,15,1,2,Yellow,Atlantic Ocean,Shipping route
Mussels,South Carolina,34.0223,-81.0329,12/9/2013,32,2,5,25,0,0,Yellow,Atlantic Ocean,Urban proximity
Mussels,South Carolina,33.5142,-80.86,1/12/2013,54,17,2,15,13,7,White,Atlantic Ocean,Urban proximity
Mussels,South Carolina,33.9615,-80.6795,3/27/2016,49,15,27,6,1,0,Blue,Atlantic Ocean,Tourism area
Mussels,Alabama,32.1188,-87.3038,9/27/2018,61,16,10,12,23,0,Black,Gulf of Mexico,Fishing zone
Mussels,South Carolina,33.7726,-81.3103,7/26/2019,35,3,16,5,10,1,Red,Atlantic Ocean,Tourism area
Mussels,Alabama,32.1768,-86.7418,5/7/2016,40,20,1,5,12,2,Red,Gulf of Mexico,Fishing zone
Mussels,Maine,45.0441,-69.5302,12/22/2019,89,44,24,1,16,4,Transparent,North Atlantic,Urban proximity
Mussels,South Carolina,33.5349,-81.4108,8/27/2013,100,42,0,11,26,21,Red,Atlantic Ocean,Fishing zone
Mussels,Washington,48.2254,-120.4893,1/26/2017,54,10,36,4,2,2,Yellow,North Pacific,Shipping route
Mussels,Maine,44.9716,-69.2413,11/23/2016,59,18,21,1,17,2,Yellow,North Atlantic,Tourism area
Mussels,Washington,47.4348,-120.6339,7/8/2019,97,34,59,4,0,0,Red,North Pacific,Urban proximity
Mussels,South Carolina,33.7039,-81.5476,1/18/2013,65,31,7,8,1,18,Yellow,Atlantic Ocean,Fishing zone
Mussels,Maine,45.4569,-69.5414,1/13/2017,6,0,6,0,0,0,Black,North Atlantic,Fishing zone
Mussels,South Carolina,33.6976,-80.8528,7/19/2014,28,0,7,11,3,7,Yellow,Atlantic Ocean,Shipping route
Mussels,Alabama,31.8785,-86.8375,8/3/2017,88,3,77,3,3,2,Red,Gulf of Mexico,Fishing zone
Mussels,North Carolina,35.6769,-79.5061,8/19/2019,45,11,17,8,1,8,White,Atlantic Ocean,Shipping route
Mussels,South Carolina,33.8995,-81.6099,6/26/2016,87,11,5,20,0,51,Black,Atlantic Ocean,Shipping route
Mussels,South Carolina,33.7933,-80.8631,7/19/2013,84,31,7,11,14,21,Transparent,Atlantic Ocean,Fishing zone
Mussels,North Carolina,35.7417,-78.6161,8/8/2016,68,18,32,8,8,2,Red,Atlantic Ocean,Urban proximity
Mussels,Maine,45.1296,-69.2796,2/15/2013,11,1,4,3,0,3,White,North Atlantic,Urban proximity
Mussels,Washington,47.5984,-121.212,7/28/2013,37,14,17,1,1,4,Red,North Pacific,Shipping route
Mussels,Maine,45.6047,-69.0853,1/22/2013,74,19,16,36,2,1,Transparent,North Atlantic,Shipping route
Mussels,Alabama,32.5631,-87.3664,11/20/2013,72,26,24,5,8,9,Blue,Gulf of Mexico,Urban proximity
Mussels,Alabama,32.5354,-87.3371,12/17/2019,43,15,23,2,3,0,White,Gulf of Mexico,Urban proximity
Mussels,North Carolina,35.3168,-79.2774,3/23/2019,68,29,3,20,3,13,White,Atlantic Ocean,Urban proximity
Mussels,South Carolina,33.9417,-80.6868,3/19/2013,89,31,2,8,32,16,Red,Atlantic Ocean,Shipping route
Mussels,Washington,47.6443,-120.3671,1/15/2017,48,1,30,13,0,4,Red,North Pacific,Fishing zone
Mussels,Maine,44.9326,-69.9011,9/24/2014,64,17,11,11,9,16,Yellow,North Atlantic,Shipping route
Mussels,Maine,45.6847,-69.8552,7/17/2017,59,26,0,21,12,0,White,North Atlantic,Tourism area
Mussels,Maine,45.6935,-69.1527,8/1/2013,88,0,47,15,24,2,Blue,North Atlantic,Fishing zone
Mussels,South Carolina,34.0961,-81.2122,6/23/2014,92,18,27,35,3,9,White,Atlantic Ocean,Tourism area
Mussels,Washington,47.2698,-120.2867,10/18/2013,62,24,17,4,11,6,Blue,North Pacific,Fishing zone
Mussels,North Carolina,36.0629,-78.9718,4/3/2015,35,17,15,3,0,0,Transparent,Atlantic Ocean,Shipping route
Mussels,North Carolina,35.3114,-79.3538,3/22/2013,94,3,9,30,24,28,Blue,Atlantic Ocean,Shipping route
Mussels,Maine,44.8625,-69.1583,11/18/2017,93,37,22,6,2,26,Transparent,North Atlantic,Fishing zone
Mussels,South Carolina,33.3946,-81.3213,6/27/2017,75,5,9,12,11,38,White,Atlantic Ocean,Urban proximity
Mussels,North Carolina,35.4817,-78.5601,9/18/2013,5,2,3,0,0,0,Red,Atlantic Ocean,Urban proximity
Mussels,Washington,47.4571,-121.1702,8/24/2013,45,11,27,0,1,6,Red,North Pacific,Shipping route
Mussels,Maine,45.3918,-69.0742,8/27/2013,81,30,4,6,26,15,Transparent,North Atlantic,Tourism area
Mussels,Alabama,32.5751,-86.5017,4/7/2013,69,29,28,8,3,1,Black,Gulf of Mexico,Fishing zone
Mussels,South Carolina,33.9786,-81.5702,4/2/2015,61,28,18,10,3,2,Black,Atlantic Ocean,Fishing zone
Mussels,Maine,45.7244,-69.0673,10/16/2019,80,14,33,18,7,8,Blue,North Atlantic,Urban proximity
Mussels,Washington,47.8529,-120.2513,11/5/2018,53,18,31,3,1,0,Blue,North Pacific,Tourism area
Mussels,North Carolina,35.8637,-79.3899,11/4/2017,25,11,2,6,5,1,Black,Atlantic Ocean,Shipping route
Mussels,South Carolina,33.707,-81.4702,7/26/2016,12,0,8,1,3,0,Transparent,Atlantic Ocean,Fishing zone
Mussels,North Carolina,35.7864,-79.0729,5/7/2015,28,10,6,0,4,8,Blue,Atlantic Ocean,Tourism area
Mussels,Maine,45.1009,-69.7602,8/17/2016,69,5,46,13,4,1,Blue,North Atlantic,Urban proximity
Mussels,Maine,44.947,-69.5067,6/21/2015,45,5,5,18,9,8,Transparent,North Atlantic,Shipping route
Mussels,North Carolina,36.229,-78.7001,1/24/2016,44,7,9,5,3,20,Yellow,Atlantic Ocean,Urban proximity
Mussels,North Carolina,35.8332,-78.9397,9/27/2016,81,21,31,13,13,3,White,Atlantic Ocean,Shipping route
Mussels,South Carolina,33.9567,-81.3612,6/13/2015,22,9,3,0,6,4,Yellow,Atlantic Ocean,Shipping route
Mussels,Maine,45.0943,-69.732,12/27/2016,92,10,62,8,5,7,Red,North Atlantic,Fishing zone
Mussels,Alabama,32.3743,-86.6533,7/26/2018,69,31,31,6,0,1,Red,Gulf of Mexico,Tourism area
Mussels,South Carolina,33.3393,-81.4868,5/27/2014,22,11,8,0,2,1,Blue,Atlantic Ocean,Tourism area
Mussels,South Carolina,33.6931,-81.0707,2/6/2014,99,0,88,7,3,1,Transparent,Atlantic Ocean,Shipping route
Mussels,Washington,48.1716,-121.0874,2/2/2019,5,1,2,0,1,1,Blue,North Pacific,Fishing zone
Mussels,Washington,47.9449,-120.397,8/7/2017,29,13,14,0,2,0,Red,North Pacific,Shipping route
Mussels,Maine,45.683,-69.3822,9/25/2015,42,9,33,0,0,0,White,North Atlantic,Tourism area
Mussels,Maine,44.8234,-69.75,12/11/2018,41,20,13,5,1,2,Red,North Atlantic,Urban proximity
Sardines,South Carolina,34.0814,-81.2708,10/1/2013,77,1,23,38,4,11,Red,Atlantic Ocean,Fishing zone
Sardines,Washington,47.8632,-120.6575,8/24/2018,68,20,19,19,7,3,White,North Pacific,Tourism area
Sardines,South Carolina,33.5978,-81.6063,1/25/2014,10,4,4,1,1,0,Transparent,Atlantic Ocean,Fishing zone
Sardines,South Carolina,33.8127,-80.7045,1/8/2016,11,5,3,3,0,0,Transparent,Atlantic Ocean,Tourism area
Sardines,Maine,45.1694,-69.4375,3/27/2018,67,1,14,51,1,0,White,North Atlantic,Urban proximity
Sardines,South Carolina,33.4717,-81.1407,2/3/2016,78,24,6,9,23,16,Transparent,Atlantic Ocean,Tourism area
Sardines,North Carolina,35.3,-79.5082,5/22/2015,48,18,8,22,0,0,Red,Atlantic Ocean,Shipping route
Sardines,North Carolina,35.3444,-79.4607,3/5/2019,70,28,9,20,13,0,White,Atlantic Ocean,Fishing zone
Sardines,South Carolina,34.2934,-81.5911,2/9/2017,10,3,1,1,1,4,White,Atlantic Ocean,Urban proximity
Sardines,North Carolina,35.3194,-79.3758,10/9/2013,74,14,49,7,2,2,Blue,Atlantic Ocean,Fishing zone
Sardines,North Carolina,36.0274,-78.934,9/3/2017,70,3,47,9,1,10,Blue,Atlantic Ocean,Tourism area
Sardines,South Carolina,34.2656,-80.8142,5/22/2017,81,2,38,23,13,5,Transparent,Atlantic Ocean,Fishing zone
Sardines,North Carolina,35.3631,-79.141,10/2/2016,99,25,39,19,14,2,Yellow,Atlantic Ocean,Tourism area
Sardines,Maine,45.6117,-69.7686,6/2/2013,24,9,14,0,0,1,Black,North Atlantic,Shipping route
Sardines,South Carolina,34.1517,-80.9071,2/1/2016,29,12,14,1,1,1,Yellow,Atlantic Ocean,Shipping route
Sardines,Washington,48.1286,-120.3198,7/20/2014,84,11,36,28,1,8,Transparent,North Pacific,Tourism area
Sardines,Maine,45.1739,-68.9842,6/7/2014,21,0,4,2,11,4,Red,North Atlantic,Shipping route
Sardines,Alabama,32.4335,-86.9307,10/4/2014,38,7,21,2,4,4,Transparent,Gulf of Mexico,Shipping route
Sardines,North Carolina,36.1416,-78.7551,10/22/2015,30,0,11,19,0,0,Black,Atlantic Ocean,Tourism area
Sardines,Maine,45.7071,-69.5482,11/12/2015,78,24,7,24,19,4,Red,North Atlantic,Urban proximity
Sardines,Washington,47.8115,-120.5907,3/6/2017,75,10,0,32,9,24,Red,North Pacific,Urban proximity
Sardines,North Carolina,36.1491,-79.1529,5/13/2019,83,33,30,0,12,8,Black,Atlantic Ocean,Urban proximity
Sardines,North Carolina,35.2789,-78.8356,7/7/2015,57,28,27,1,1,0,Transparent,Atlantic Ocean,Urban proximity
Sardines,Alabama,32.5068,-86.4611,3/15/2014,33,16,3,4,0,10,Yellow,Gulf of Mexico,Shipping route
Sardines,North Carolina,35.4273,-78.8766,8/6/2015,73,7,19,4,35,8,Yellow,Atlantic Ocean,Fishing zone
Sardines,Maine,44.8862,-68.9605,9/4/2015,42,1,26,10,0,5,Yellow,North Atlantic,Fishing zone
Sardines,Washington,48.0655,-121.1332,5/21/2013,79,7,13,40,14,5,Blue,North Pacific,Urban proximity
Sardines,Maine,45.3792,-69.6057,1/16/2014,12,4,7,1,0,0,White,North Atlantic,Urban proximity
Sardines,Washington,47.6624,-120.2805,10/14/2019,72,36,26,2,6,2,Transparent,North Pacific,Shipping route
Sardines,Washington,47.6455,-120.8734,2/6/2016,100,39,36,14,0,11,Black,North Pacific,Tourism area
Sardines,Alabama,32.3821,-87.1133,5/21/2017,91,32,53,4,0,2,Blue,Gulf of Mexico,Urban proximity
Sardines,Alabama,32.7779,-87.2498,2/1/2014,68,34,25,2,5,2,Red,Gulf of Mexico,Shipping route
Sardines,Maine,45.6531,-69.7311,5/27/2018,93,36,37,13,1,6,Yellow,North Atlantic,Shipping route
Sardines,Maine,45.7044,-69.4568,12/5/2016,19,9,6,2,1,1,Red,North Atlantic,Fishing zone
Sardines,South Carolina,33.9768,-81.2279,9/10/2016,47,19,26,2,0,0,Black,Atlantic Ocean,Tourism area
Sardines,Alabama,32.2567,-86.4463,11/21/2017,76,6,61,6,0,3,Black,Gulf of Mexico,Shipping route
Sardines,Maine,45.0003,-69.5531,10/18/2015,65,30,10,21,0,4,Yellow,North Atlantic,Urban proximity
Sardines,Alabama,32.5331,-86.8489,2/1/2017,63,23,25,0,0,15,Blue,Gulf of Mexico,Tourism area
Sardines,North Carolina,35.5094,-79.0326,4/18/2018,26,10,4,9,0,3,White,Atlantic Ocean,Urban proximity
Sardines,Washington,48.1432,-121.044,2/4/2017,70,3,27,10,25,5,Transparent,North Pacific,Urban proximity
Sardines,Maine,45.659,-69.8374,4/23/2016,65,19,41,1,2,2,Yellow,North Atlantic,Tourism area
Sardines,Alabama,32.1778,-86.4376,7/10/2019,61,30,5,14,8,4,Red,Gulf of Mexico,Fishing zone
Sardines,Alabama,32.1081,-87.2969,9/16/2019,29,4,15,9,1,0,Blue,Gulf of Mexico,Tourism area
Sardines,Maine,45.4343,-69.7617,5/9/2016,19,7,4,7,0,1,Transparent,North Atlantic,Urban proximity
Sardines,Maine,45.5034,-69.4682,2/28/2016,97,36,15,1,36,9,Transparent,North Atlantic,Urban proximity
Sardines,North Carolina,35.9874,-78.9594,4/15/2018,43,4,11,23,1,4,White,Atlantic Ocean,Shipping route
Sardines,Washington,47.8084,-120.298,1/4/2019,51,10,17,17,6,1,Yellow,North Pacific,Fishing zone
Sardines,Alabama,32.5489,-86.691,4/9/2018,94,2,47,16,13,16,Black,Gulf of Mexico,Urban proximity
Sardines,North Carolina,35.4401,-79.3062,9/6/2014,79,7,15,43,5,9,Yellow,Atlantic Ocean,Urban proximity
Sardines,Washington,47.4172,-120.5606,6/3/2013,25,1,24,0,0,0,Transparent,North Pacific,Shipping route
Sardines,Maine,44.8401,-69.4894,5/2/2015,39,19,10,3,3,4,Transparent,North Atlantic,Shipping route
Sardines,North Carolina,35.6262,-79.2716,11/9/2017,8,1,2,5,0,0,White,Atlantic Ocean,Fishing zone
Sardines,Alabama,32.1924,-86.782,10/21/2019,51,19,2,14,14,2,Yellow,Gulf of Mexico,Urban proximity
Sardines,North Carolina,35.7581,-78.9103,11/3/2015,85,14,36,2,4,29,Yellow,Atlantic Ocean,Urban proximity
Sardines,Maine,44.9933,-69.3875,11/10/2017,65,21,40,3,1,0,Transparent,North Atlantic,Shipping route
Sardines,Washington,47.8037,-120.9297,12/13/2016,40,9,27,3,1,0,Black,North Pacific,Shipping route
Sardines,Alabama,32.1084,-87.3358,11/24/2017,80,30,35,12,0,3,White,Gulf of Mexico,Tourism area
Sardines,Maine,45.3632,-69.6283,8/9/2016,60,9,47,1,3,0,Yellow,North Atlantic,Tourism area
Sardines,North Carolina,35.5754,-79.1209,2/16/2013,9,1,3,4,0,1,Yellow,Atlantic Ocean,Fishing zone
Sardines,Maine,45.5436,-69.5014,2/16/2016,69,24,4,22,11,8,Blue,North Atlantic,Tourism area
Sardines,Maine,45.0006,-69.1746,4/27/2018,19,0,13,5,0,1,Red,North Atlantic,Shipping route
Sardines,South Carolina,34.1696,-81.0745,10/5/2016,52,2,12,38,0,0,Black,Atlantic Ocean,Urban proximity
Sardines,South Carolina,33.981,-81.0435,12/19/2018,36,6,22,3,3,2,White,Atlantic Ocean,Fishing zone
Sardines,Washington,47.9244,-120.6163,9/26/2016,23,11,3,6,0,3,Red,North Pacific,Shipping route
Sardines,Maine,45.6565,-69.2576,2/7/2014,63,14,0,38,7,4,Blue,North Atlantic,Shipping route
Sardines,Maine,45.3446,-69.3834,9/21/2015,24,9,8,4,3,0,Black,North Atlantic,Shipping route
Sardines,South Carolina,34.3036,-80.7088,9/4/2014,16,1,7,8,0,0,Black,Atlantic Ocean,Fishing zone
Sardines,South Carolina,33.8066,-81.2106,9/11/2018,11,1,8,1,0,1,Yellow,Atlantic Ocean,Fishing zone
Sardines,South Carolina,33.3401,-81.0732,8/7/2019,64,17,17,27,3,0,Yellow,Atlantic Ocean,Fishing zone
Sardines,Alabama,32.5684,-86.8526,9/5/2014,49,12,7,19,2,9,Blue,Gulf of Mexico,Urban proximity
Sardines,South Carolina,34.3245,-81.5144,5/11/2019,52,9,7,4,6,26,White,Atlantic Ocean,Fishing zone
Sardines,North Carolina,35.7885,-79.3314,12/19/2013,72,3,69,0,0,0,Black,Atlantic Ocean,Shipping route
Sardines,North Carolina,35.5349,-78.8006,10/14/2013,96,10,12,45,7,22,Red,Atlantic Ocean,Urban proximity
Sardines,South Carolina,34.1858,-81.0863,3/5/2015,63,28,8,16,6,5,Yellow,Atlantic Ocean,Shipping route
Sardines,Maine,45.6133,-69.3308,8/6/2018,52,7,20,0,16,9,Yellow,North Atlantic,Fishing zone
Sardines,North Carolina,35.9795,-79.2564,8/12/2013,44,10,18,3,12,1,Blue,Atlantic Ocean,Urban proximity
Sea Turtles,North Carolina,35.6166,-78.9349,12/15/2015,45,2,23,2,11,7,Red,Atlantic Ocean,Shipping route
Sea Turtles,North Carolina,36.0036,-78.9648,5/4/2019,77,24,23,0,5,25,Transparent,Atlantic Ocean,Fishing zone
Sea Turtles,Washington,48.0951,-120.3879,9/1/2017,53,17,34,0,1,1,White,North Pacific,Shipping route
Sea Turtles,Alabama,31.9136,-86.8258,8/15/2013,44,11,4,3,16,10,Red,Gulf of Mexico,Tourism area
Sea Turtles,Maine,44.8701,-69.5153,5/3/2013,43,15,18,7,3,0,Yellow,North Atlantic,Tourism area
Sea Turtles,North Carolina,35.3238,-78.9135,5/8/2017,36,3,4,0,2,27,Black,Atlantic Ocean,Shipping route
Sea Turtles,South Carolina,34.2928,-81.4109,9/10/2016,94,7,32,39,4,12,Transparent,Atlantic Ocean,Shipping route
Sea Turtles,Maine,44.8158,-69.6324,1/7/2019,48,6,18,5,17,2,Red,North Atlantic,Fishing zone
Sea Turtles,North Carolina,35.6311,-79.3322,6/22/2018,86,38,14,4,25,5,White,Atlantic Ocean,Tourism area
Sea Turtles,Alabama,31.8199,-87.0388,6/16/2019,50,11,24,8,5,2,Transparent,Gulf of Mexico,Fishing zone
Sea Turtles,Washington,47.7686,-120.6472,11/10/2017,36,7,20,4,4,1,Red,North Pacific,Fishing zone
Sea Turtles,Alabama,32.1781,-87.0245,12/8/2019,17,5,6,3,0,3,Transparent,Gulf of Mexico,Tourism area
Sea Turtles,North Carolina,35.7529,-78.547,12/11/2016,26,5,1,12,8,0,Red,Atlantic Ocean,Urban proximity
Sea Turtles,Alabama,32.4694,-87.2134,2/16/2014,74,29,18,8,8,11,White,Gulf of Mexico,Tourism area
Sea Turtles,South Carolina,33.5838,-80.9019,7/22/2013,18,2,16,0,0,0,Yellow,Atlantic Ocean,Tourism area
Sea Turtles,Alabama,32.2165,-86.4904,11/5/2016,87,13,64,3,4,3,Transparent,Gulf of Mexico,Fishing zone
Sea Turtles,Alabama,32.7284,-87.1169,6/2/2017,67,19,44,0,2,2,White,Gulf of Mexico,Tourism area
Sea Turtles,North Carolina,35.5039,-79.438,7/11/2015,18,5,8,5,0,0,White,Atlantic Ocean,Shipping route
Sea Turtles,Washington,47.9089,-120.3889,7/16/2019,8,1,6,0,0,1,White,North Pacific,Tourism area
Sea Turtles,Washington,47.6061,-120.5378,8/1/2016,29,11,11,7,0,0,Red,North Pacific,Tourism area
Sea Turtles,Maine,45.6125,-69.7211,8/19/2017,11,1,1,8,0,1,White,North Atlantic,Urban proximity
Sea Turtles,Washington,47.27,-121.0765,1/22/2013,64,25,10,4,24,1,Transparent,North Pacific,Tourism area
Sea Turtles,Washington,47.9312,-120.7066,1/10/2014,51,0,30,1,3,17,Blue,North Pacific,Shipping route
Sea Turtles,South Carolina,33.7075,-81.4522,2/16/2017,76,9,67,0,0,0,Blue,Atlantic Ocean,Shipping route
Sea Turtles,North Carolina,35.5526,-78.9539,3/18/2013,50,25,12,10,3,0,Blue,Atlantic Ocean,Shipping route
Sea Turtles,Washington,47.9477,-121.2019,1/21/2018,74,9,43,9,4,9,Blue,North Pacific,Tourism area
Sea Turtles,Maine,45.4211,-69.0769,11/3/2019,93,18,8,56,1,10,Yellow,North Atlantic,Tourism area
Sea Turtles,South Carolina,34.0363,-81.1648,10/15/2017,68,10,15,34,1,8,Red,Atlantic Ocean,Tourism area
Sea Turtles,North Carolina,35.3959,-79.4229,4/11/2014,22,3,6,4,1,8,Blue,Atlantic Ocean,Urban proximity
Sea Turtles,Alabama,32.6866,-86.5649,8/4/2014,72,19,37,3,8,5,Red,Gulf of Mexico,Tourism area
Sea Turtles,Washington,47.3737,-120.826,12/21/2013,45,5,5,3,7,25,Transparent,North Pacific,Shipping route
Sea Turtles,Maine,44.8782,-69.5773,3/18/2013,27,8,11,8,0,0,Black,North Atlantic,Tourism area
Sea Turtles,Washington,47.3529,-120.6509,12/9/2013,34,0,32,1,0,1,Yellow,North Pacific,Tourism area
Sea Turtles,Washington,48.2258,-121.2081,6/4/2014,49,19,30,0,0,0,Blue,North Pacific,Urban proximity
Sea Turtles,South Carolina,33.7765,-81.4883,1/9/2017,50,22,1,14,11,2,Black,Atlantic Ocean,Shipping route
Sea Turtles,North Carolina,35.6086,-78.6025,11/23/2016,75,22,2,30,17,4,Yellow,Atlantic Ocean,Shipping route
Sea Turtles,South Carolina,34.045,-80.6751,7/21/2019,89,40,41,3,0,5,Black,Atlantic Ocean,Tourism area
Sea Turtles,Maine,44.8729,-69.9125,6/18/2018,45,7,33,0,5,0,Transparent,North Atlantic,Shipping route
Sea Turtles,Maine,45.6681,-69.1063,4/18/2013,44,12,20,11,0,1,Yellow,North Atlantic,Shipping route
Sea Turtles,Alabama,32.6623,-86.7763,2/6/2018,52,6,46,0,0,0,Blue,Gulf of Mexico,Urban proximity
Sea Turtles,Washington,47.8239,-121.2051,3/1/2015,29,0,16,5,1,7,White,North Pacific,Shipping route
Sea Turtles,North Carolina,36.1306,-79.0604,12/24/2014,24,3,13,5,0,3,Red,Atlantic Ocean,Urban proximity
Sea Turtles,South Carolina,33.8289,-80.8364,9/10/2019,18,2,7,5,2,2,Red,Atlantic Ocean,Urban proximity
Sea Turtles,Maine,44.826,-69.8028,8/8/2014,42,18,6,16,2,0,Black,North Atlantic,Shipping route
Sea Turtles,Maine,45.6781,-69.6509,6/27/2013,50,12,4,34,0,0,Transparent,North Atlantic,Fishing zone
Sea Turtles,South Carolina,34.0829,-80.9564,7/14/2016,19,2,15,2,0,0,Yellow,Atlantic Ocean,Fishing zone
Sea Turtles,South Carolina,33.9414,-81.5246,10/19/2016,36,14,12,6,1,3,White,Atlantic Ocean,Shipping route
Sea Turtles,Washington,48.0605,-120.5993,8/28/2015,84,41,36,7,0,0,Black,North Pacific,Shipping route
Sea Turtles,North Carolina,35.6409,-79.4444,8/20/2019,25,11,9,1,2,2,White,Atlantic Ocean,Tourism area
Sea Turtles,North Carolina,35.4585,-78.6596,5/28/2018,88,43,31,8,2,4,Black,Atlantic Ocean,Fishing zone
Sea Turtles,Maine,45.1176,-69.5967,12/9/2017,62,11,41,0,9,1,Black,North Atlantic,Fishing zone
Sea Turtles,Alabama,32.6321,-86.8242,3/16/2014,100,29,41,26,4,0,Black,Gulf of Mexico,Shipping route
Sea Turtles,Alabama,32.6042,-86.7394,10/10/2017,77,29,47,1,0,0,Black,Gulf of Mexico,Tourism area
Sea Turtles,Maine,44.872,-69.1235,2/9/2015,52,22,3,14,2,11,Blue,North Atlantic,Shipping route
Sea Turtles,Alabama,32.5119,-87.301,12/13/2016,87,39,11,0,30,7,White,Gulf of Mexico,Urban proximity
Sea Turtles,Washington,47.6006,-121.0819,7/20/2019,51,13,36,1,1,0,Blue,North Pacific,Tourism area
Sea Turtles,Washington,47.4808,-120.2757,7/10/2019,20,0,17,2,0,1,Blue,North Pacific,Urban proximity
Shrimp,South Carolina,33.6643,-81.3699,5/1/2018,58,23,8,2,9,16,Red,Atlantic Ocean,Tourism area
Shrimp,South Carolina,33.817,-81.1804,10/20/2015,21,10,6,4,0,1,Yellow,Atlantic Ocean,Shipping route
Shrimp,North Carolina,35.9024,-78.8467,5/9/2015,67,19,27,18,1,2,Yellow,Atlantic Ocean,Fishing zone
Shrimp,South Carolina,33.7461,-80.8633,9/24/2019,13,0,9,3,0,1,Yellow,Atlantic Ocean,Tourism area
Shrimp,Maine,45.1211,-69.0918,5/18/2018,19,0,2,4,8,5,Red,North Atlantic,Urban proximity
Shrimp,Alabama,32.6043,-86.863,8/16/2014,64,19,24,3,5,13,Blue,Gulf of Mexico,Fishing zone
Shrimp,Maine,45.0489,-68.9799,12/4/2014,81,18,2,10,25,26,Red,North Atlantic,Fishing zone
Shrimp,Maine,45.5339,-69.6759,1/4/2015,17,6,8,0,3,0,Yellow,North Atlantic,Shipping route
Shrimp,South Carolina,33.4396,-80.8172,4/13/2018,40,4,27,6,0,3,Transparent,Atlantic Ocean,Shipping route
Shrimp,South Carolina,34.3059,-81.4376,1/1/2014,79,15,2,5,36,21,Blue,Atlantic Ocean,Tourism area
Shrimp,Alabama,31.9561,-86.6379,11/14/2019,78,26,27,14,0,11,White,Gulf of Mexico,Fishing zone
Shrimp,South Carolina,33.5223,-81.6409,12/14/2015,21,2,4,7,3,5,Black,Atlantic Ocean,Shipping route
Shrimp,Washington,47.5243,-121.1932,7/1/2013,5,0,1,3,1,0,White,North Pacific,Urban proximity
Shrimp,Maine,45.2516,-69.8479,6/20/2016,58,21,2,16,2,17,Transparent,North Atlantic,Shipping route
Shrimp,North Carolina,36.1168,-79.4277,10/19/2013,66,23,9,16,6,12,Blue,Atlantic Ocean,Urban proximity
Shrimp,Maine,45.0974,-69.0962,4/28/2014,5,0,5,0,0,0,Transparent,North Atlantic,Fishing zone
Shrimp,South Carolina,33.8102,-81.5698,11/15/2017,32,8,4,12,0,8,Red,Atlantic Ocean,Fishing zone
Shrimp,Alabama,31.9239,-87.262,5/13/2014,15,0,12,1,1,1,Red,Gulf of Mexico,Tourism area
Shrimp,Washington,47.6064,-120.6958,3/26/2014,87,12,74,0,1,0,Transparent,North Pacific,Fishing zone
Shrimp,Washington,47.4713,-120.3679,2/8/2016,26,6,14,3,1,2,Red,North Pacific,Fishing zone
Shrimp,Maine,45.6322,-69.7943,9/15/2019,98,47,48,1,2,0,Transparent,North Atlantic,Urban proximity
Shrimp,South Carolina,33.6524,-81.0182,5/23/2018,41,9,28,4,0,0,Transparent,Atlantic Ocean,Shipping route
Shrimp,Maine,45.0873,-69.9304,8/8/2013,17,5,11,0,0,1,Blue,North Atlantic,Urban proximity
Shrimp,Alabama,31.8423,-87.355,8/25/2019,69,12,29,21,1,6,Red,Gulf of Mexico,Shipping route
Shrimp,Maine,45.3349,-69.0248,8/11/2016,88,41,43,0,2,2,Transparent,North Atlantic,Urban proximity
Shrimp,North Carolina,35.4354,-79.4323,1/20/2018,38,6,32,0,0,0,Black,Atlantic Ocean,Fishing zone
Shrimp,South Carolina,33.5707,-80.9914,10/17/2016,55,4,33,8,6,4,Transparent,Atlantic Ocean,Tourism area
Shrimp,Washington,47.8985,-120.4739,12/6/2013,31,5,8,2,6,10,Yellow,North Pacific,Urban proximity
Shrimp,North Carolina,35.6755,-79.047,2/24/2013,34,11,19,1,3,0,Transparent,Atlantic Ocean,Shipping route
Shrimp,North Carolina,36.0541,-78.5646,10/16/2018,80,29,10,40,0,1,Black,Atlantic Ocean,Tourism area
Shrimp,Alabama,32.6762,-86.9748,2/24/2013,81,14,26,7,8,26,White,Gulf of Mexico,Urban proximity
Shrimp,Alabama,32.7458,-86.8724,8/22/2013,24,7,12,5,0,0,Transparent,Gulf of Mexico,Shipping route
Shrimp,South Carolina,34.0265,-80.7115,3/11/2016,70,0,42,22,0,6,Yellow,Atlantic Ocean,Urban proximity
Shrimp,Washington,47.3623,-121.1244,9/20/2019,8,4,4,0,0,0,Transparent,North Pacific,Shipping route
Shrimp,South Carolina,33.5587,-80.9786,12/22/2014,48,2,34,5,0,7,Yellow,Atlantic Ocean,Urban proximity
Shrimp,Washington,47.7914,-120.9488,2/16/2014,77,21,1,40,1,14,White,North Pacific,Shipping route
Shrimp,Maine,44.9271,-69.9382,5/3/2013,49,13,35,1,0,0,Blue,North Atlantic,Fishing zone
Shrimp,South Carolina,33.8392,-81.5911,7/4/2016,42,16,17,9,0,0,Red,Atlantic Ocean,Shipping route
Shrimp,Washington,48.1848,-120.8636,4/16/2014,37,14,7,7,1,8,Blue,North Pacific,Tourism area
Shrimp,South Carolina,33.4624,-80.7778,6/1/2017,82,15,50,2,6,9,Yellow,Atlantic Ocean,Urban proximity
Shrimp,Maine,45.2946,-69.5541,9/14/2018,48,4,16,8,9,11,Blue,North Atlantic,Tourism area
Shrimp,Alabama,32.0255,-86.6537,4/3/2014,73,3,30,38,0,2,Blue,Gulf of Mexico,Fishing zone
Shrimp,North Carolina,35.5503,-79.1372,12/5/2016,17,5,1,4,2,5,Red,Atlantic Ocean,Fishing zone
Shrimp,Washington,47.9165,-120.4577,11/25/2013,86,3,6,41,9,27,White,North Pacific,Shipping route
Shrimp,North Carolina,35.7787,-78.6895,7/15/2019,84,16,64,3,0,1,Yellow,Atlantic Ocean,Urban proximity
Shrimp,Washington,47.8189,-121.0289,10/21/2017,76,34,18,14,7,3,Transparent,North Pacific,Shipping route
Shrimp,Washington,47.6855,-120.9466,5/6/2016,9,4,4,0,0,1,Blue,North Pacific,Tourism area
Shrimp,South Carolina,34.3174,-80.8588,8/24/2017,52,20,13,2,1,16,Yellow,Atlantic Ocean,Urban proximity
Shrimp,Alabama,32.759,-87.2327,9/18/2016,93,5,44,27,8,9,White,Gulf of Mexico,Fishing zone
Shrimp,Washington,47.4669,-120.7478,9/8/2013,5,0,0,5,0,0,White,North Pacific,Shipping route
Shrimp,Alabama,32.1644,-87.1766,2/28/2017,46,22,14,6,0,4,Black,Gulf of Mexico,Urban proximity
Shrimp,South Carolina,34.2218,-81.3383,12/13/2016,33,14,6,1,3,9,Transparent,Atlantic Ocean,Tourism area
Shrimp,North Carolina,36.1137,-78.8681,12/7/2019,59,17,40,0,1,1,Yellow,Atlantic Ocean,Tourism area
Shrimp,North Carolina,36.0985,-78.626,5/21/2018,18,4,13,0,1,0,Yellow,Atlantic Ocean,Tourism area
Shrimp,South Carolina,33.6282,-81.4258,10/25/2018,20,6,0,13,1,0,White,Atlantic Ocean,Tourism area
Shrimp,Alabama,32.6513,-86.6383,11/15/2015,11,1,2,6,2,0,Red,Gulf of Mexico,Fishing zone
Shrimp,Washington,48.1874,-121.006,9/15/2019,15,3,8,3,0,1,Blue,North Pacific,Fishing zone
Shrimp,Alabama,31.8911,-86.694,1/18/2013,64,30,11,18,0,5,White,Gulf of Mexico,Shipping route
Shrimp,Washington,47.7345,-120.7889,10/7/2017,31,11,13,0,2,5,White,North Pacific,Shipping route
Shrimp,North Carolina,35.2708,-79.0969,4/21/2017,31,5,20,6,0,0,Transparent,Atlantic Ocean,Fishing zone
Shrimp,Alabama,32.271,-87.2952,8/6/2018,6,1,5,0,0,0,Red,Gulf of Mexico,Tourism area
Shrimp,North Carolina,35.7144,-79.0644,12/18/2018,11,1,1,2,2,5,White,Atlantic Ocean,Shipping route
Shrimp,South Carolina,33.6333,-81.0419,5/20/2014,75,37,36,1,1,0,Transparent,Atlantic Ocean,Urban proximity
Shrimp,Washington,47.5882,-120.9641,3/5/2017,81,19,12,24,2,24,Red,North Pacific,Tourism area
Shrimp,Maine,45.2141,-69.775,11/23/2013,5,2,1,0,2,0,Blue,North Atlantic,Urban proximity
Shrimp,Maine,44.9001,-69.7427,1/10/2016,60,6,30,5,1,18,Transparent,North Atlantic,Urban proximity
Shrimp,Alabama,32.5425,-86.6873,9/23/2015,18,6,4,1,5,2,Blue,Gulf of Mexico,Urban proximity
Shrimp,North Carolina,35.3156,-79.0787,3/27/2015,68,20,14,9,2,23,Red,Atlantic Ocean,Fishing zone
Shrimp,North Carolina,36.1251,-78.8384,4/25/2016,15,7,5,3,0,0,Black,Atlantic Ocean,Tourism area
Shrimp,North Carolina,35.6653,-79.4509,2/20/2013,11,1,9,1,0,0,White,Atlantic Ocean,Urban proximity
Shrimp,South Carolina,33.7986,-81.1726,11/16/2018,89,20,29,12,27,1,Transparent,Atlantic Ocean,Urban proximity
Shrimp,South Carolina,33.9669,-80.8159,7/1/2013,22,8,3,4,1,6,Transparent,Atlantic Ocean,Shipping route
Shrimp,Alabama,32.3498,-86.6972,7/9/2015,9,4,3,1,1,0,Blue,Gulf of Mexico,Urban proximity
Shrimp,Washington,47.4019,-120.4235,9/7/2016,25,12,7,3,3,0,Blue,North Pacific,Shipping route
Shrimp,Maine,45.5468,-69.6953,5/1/2019,18,6,3,4,1,4,Transparent,North Atlantic,Urban proximity
Tuna,Alabama,32.4772,-86.8311,4/7/2016,31,10,8,9,2,2,Transparent,Gulf of Mexico,Fishing zone
Tuna,Maine,44.8745,-69.6934,5/6/2019,59,21,6,10,19,3,Blue,North Atlantic,Urban proximity
Tuna,Alabama,32.779,-87.0625,1/28/2013,79,23,52,0,3,1,Black,Gulf of Mexico,Fishing zone
Tuna,South Carolina,33.585,-81.1026,4/26/2019,24,8,6,1,8,1,Black,Atlantic Ocean,Tourism area
Tuna,Maine,44.7756,-69.1732,2/1/2014,66,18,15,33,0,0,Yellow,North Atlantic,Shipping route
Tuna,Maine,44.9668,-69.8011,1/23/2016,95,47,40,8,0,0,White,North Atlantic,Urban proximity
Tuna,Maine,45.1038,-69.8125,8/14/2013,24,9,5,7,3,0,Blue,North Atlantic,Shipping route
Tuna,Washington,47.839,-120.4732,6/2/2014,75,21,10,24,7,13,Yellow,North Pacific,Tourism area
Tuna,Alabama,32.3314,-87.392,10/12/2016,100,39,15,8,12,26,Yellow,Gulf of Mexico,Urban proximity
Tuna,North Carolina,35.3985,-79.2055,11/24/2013,76,13,38,1,12,12,Transparent,Atlantic Ocean,Urban proximity
Tuna,Alabama,32.5112,-86.815,7/4/2015,40,4,30,0,0,6,White,Gulf of Mexico,Shipping route
Tuna,South Carolina,34.2184,-80.9045,5/6/2014,45,8,15,22,0,0,Yellow,Atlantic Ocean,Shipping route
Tuna,Maine,45.2065,-69.4446,3/2/2019,87,29,19,25,6,8,Transparent,North Atlantic,Shipping route
Tuna,Alabama,32.6987,-87.1554,9/11/2015,95,42,31,11,3,8,White,Gulf of Mexico,Fishing zone
Tuna,Maine,45.3766,-69.3583,7/2/2015,27,12,2,9,2,2,White,North Atlantic,Urban proximity
Tuna,Maine,45.2972,-69.9407,4/19/2016,85,25,45,7,6,2,White,North Atlantic,Shipping route
Tuna,Maine,45.2418,-69.2888,12/22/2017,76,34,4,12,17,9,Blue,North Atlantic,Fishing zone
Tuna,South Carolina,34.1355,-81.0453,4/18/2018,88,7,81,0,0,0,White,Atlantic Ocean,Tourism area
Tuna,Alabama,32.7205,-87.2809,7/13/2019,87,23,52,5,2,5,Yellow,Gulf of Mexico,Urban proximity
Tuna,Washington,47.5932,-120.386,9/16/2015,41,4,26,4,6,1,Red,North Pacific,Tourism area
Tuna,Washington,47.715,-120.5076,12/27/2013,50,17,2,4,11,16,Black,North Pacific,Shipping route
Tuna,South Carolina,33.3611,-80.6717,2/24/2015,99,17,76,3,3,0,Black,Atlantic Ocean,Fishing zone
Tuna,Washington,47.9944,-121.2031,5/3/2016,68,28,12,21,5,2,Yellow,North Pacific,Shipping route
Tuna,Maine,45.5833,-69.1373,1/10/2013,7,0,3,4,0,0,White,North Atlantic,Urban proximity
Tuna,South Carolina,34.2219,-81.2732,7/23/2016,40,14,25,0,0,1,White,Atlantic Ocean,Urban proximity
Tuna,Washington,47.6607,-120.3694,12/18/2017,47,17,6,10,3,11,Blue,North Pacific,Fishing zone
Tuna,Alabama,31.8521,-86.4849,8/26/2018,97,1,62,0,27,7,Transparent,Gulf of Mexico,Fishing zone
Tuna,Maine,45.535,-69.2861,7/6/2017,78,6,7,17,37,11,Transparent,North Atlantic,Fishing zone
Tuna,North Carolina,35.6516,-78.7231,12/15/2017,23,11,12,0,0,0,Black,Atlantic Ocean,Urban proximity
Tuna,Washington,48.062,-120.9006,3/9/2019,6,0,1,3,1,1,Yellow,North Pacific,Shipping route
Tuna,Maine,45.316,-69.0235,11/2/2015,94,19,25,38,1,11,White,North Atlantic,Shipping route
Tuna,Washington,47.7386,-120.6375,10/15/2016,54,13,29,8,0,4,Yellow,North Pacific,Tourism area
Tuna,Alabama,32.4489,-86.9557,3/1/2014,20,7,1,3,4,5,Blue,Gulf of Mexico,Urban proximity
Tuna,South Carolina,33.9997,-81.3919,9/1/2015,84,15,57,1,5,6,Black,Atlantic Ocean,Urban proximity
Tuna,Maine,44.948,-69.4021,5/14/2018,68,30,5,12,12,9,Transparent,North Atlantic,Tourism area
Tuna,Maine,45.3635,-69.3829,4/2/2013,97,46,19,8,5,19,Yellow,North Atlantic,Urban proximity
Tuna,Maine,44.8761,-69.33,4/13/2018,37,2,5,23,5,2,Yellow,North Atlantic,Tourism area
Tuna,Maine,45.1814,-69.5633,11/6/2014,95,24,0,26,16,29,Red,North Atlantic,Shipping route
Tuna,Alabama,32.0675,-86.952,10/9/2014,58,20,36,1,1,0,Yellow,Gulf of Mexico,Urban proximity
Tuna,Maine,44.8839,-69.8556,1/28/2019,63,1,1,45,10,6,Blue,North Atlantic,Tourism area
Tuna,Washington,48.0354,-120.4515,9/3/2019,43,12,27,2,1,1,Blue,North Pacific,Tourism area
Tuna,Maine,45.2643,-69.7104,3/11/2016,12,0,6,2,0,4,Yellow,North Atlantic,Urban proximity
Tuna,Maine,45.5087,-69.093,6/1/2018,75,10,9,54,2,0,Red,North Atlantic,Shipping route
Tuna,South Carolina,34.0064,-81.5452,1/25/2016,97,7,54,27,3,6,White,Atlantic Ocean,Tourism area
Tuna,Maine,44.9828,-69.8424,10/7/2015,21,4,11,6,0,0,Blue,North Atlantic,Shipping route
Tuna,North Carolina,35.8887,-78.9769,6/22/2015,70,18,4,8,31,9,White,Atlantic Ocean,Shipping route
Tuna,Washington,47.3166,-120.2574,1/25/2019,39,7,10,21,1,0,Yellow,North Pacific,Fishing zone
Tuna,Alabama,32.5936,-86.6586,7/15/2013,82,40,42,0,0,0,Blue,Gulf of Mexico,Shipping route
Tuna,South Carolina,34.211,-81.2392,9/16/2016,29,11,7,7,1,3,Black,Atlantic Ocean,Shipping route
Tuna,Maine,45.4908,-69.4018,9/22/2016,25,2,0,6,12,5,Transparent,North Atlantic,Tourism area
Tuna,Alabama,31.9049,-87.0588,10/1/2014,31,2,16,4,0,9,Black,Gulf of Mexico,Urban proximity
Tuna,North Carolina,35.6254,-78.8756,5/16/2019,13,6,0,3,1,3,White,Atlantic Ocean,Tourism area
Tuna,Maine,45.6273,-68.9608,12/1/2013,6,1,3,0,1,1,Yellow,North Atlantic,Tourism area
Tuna,Maine,44.7961,-69.8046,6/11/2014,11,4,6,1,0,0,Red,North Atlantic,Tourism area
Tuna,Maine,45.2482,-69.2248,1/6/2015,52,18,32,0,1,1,Blue,North Atlantic,Shipping route
Tuna,Alabama,32.0678,-86.8025,9/28/2018,45,13,28,2,2,0,Red,Gulf of Mexico,Fishing zone
Tuna,Maine,45.4102,-69.8561,10/26/2015,39,5,14,1,6,13,White,North Atlantic,Shipping route
Tuna,North Carolina,36.1528,-79.3452,9/23/2013,65,11,15,3,26,10,Black,Atlantic Ocean,Urban proximity
Tuna,Washington,47.2678,-121.1795,8/23/2015,5,2,2,1,0,0,Black,North Pacific,Shipping route
Tuna,Alabama,32.5187,-86.483,12/24/2018,60,0,48,2,8,2,Black,Gulf of Mexico,Shipping route
Tuna,Maine,45.2809,-68.9818,9/2/2017,44,4,21,19,0,0,Red,North Atlantic,Urban proximity
Tuna,Maine,45.6213,-69.2341,3/26/2014,22,10,9,1,0,2,Transparent,North Atlantic,Shipping route
Tuna,North Carolina,35.3093,-79.3226,11/14/2013,19,1,9,1,2,6,Transparent,Atlantic Ocean,Shipping route
Tuna,North Carolina,35.8328,-79.135,11/22/2017,49,3,12,17,3,14,White,Atlantic Ocean,Fishing zone
Tuna,Alabama,32.7673,-87.2118,6/8/2018,47,18,21,4,2,2,Yellow,Gulf of Mexico,Tourism area
Tuna,Maine,45.0595,-69.1897,11/13/2015,48,18,9,3,4,14,Transparent,North Atlantic,Fishing zone
Tuna,Washington,47.4467,-121.0582,11/6/2014,74,9,27,18,8,12,Blue,North Pacific,Urban proximity
Tuna,Alabama,32.6198,-86.4469,5/25/2015,83,7,34,21,11,10,Black,Gulf of Mexico,Shipping route
Tuna,Washington,47.2671,-120.2756,9/9/2013,19,9,0,5,2,3,Red,North Pacific,Tourism area
Tuna,Washington,47.5436,-120.5179,10/25/2013,14,4,9,1,0,0,White,North Pacific,Fishing zone
Tuna,Maine,45.4984,-69.9241,12/9/2013,76,30,25,10,5,6,Black,North Atlantic,Fishing zone
Tuna,North Carolina,35.6987,-79.0831,6/1/2016,67,0,63,3,1,0,Black,Atlantic Ocean,Fishing zone
Tuna,Alabama,32.6103,-86.5059,3/19/2013,65,10,24,4,24,3,White,Gulf of Mexico,Fishing zone
Tuna,South Carolina,34.1529,-81.4544,3/25/2016,27,5,19,2,1,0,White,Atlantic Ocean,Fishing zone
Tuna,North Carolina,35.6003,-78.6458,3/22/2017,60,24,30,4,2,0,Transparent,Atlantic Ocean,Shipping route
Tuna,Washington,47.9098,-120.2913,4/13/2016,10,5,3,2,0,0,Transparent,North Pacific,Shipping route
Tuna,Alabama,32.6593,-86.769,5/18/2014,13,6,0,4,3,0,White,Gulf of Mexico,Tourism area
Tuna,Washington,47.5825,-120.3905,11/27/2014,38,19,16,3,0,0,Black,North Pacific,Urban proximity
Tuna,Washington,48.061,-120.9569,4/24/2019,38,17,14,4,1,2,Yellow,North Pacific,Tourism area
Tuna,North Carolina,35.9272,-78.6941,9/19/2019,41,7,32,2,0,0,Yellow,Atlantic Ocean,Urban proximity
Tuna,Alabama,32.1307,-87.2287,6/27/2016,91,32,49,8,1,1,Blue,Gulf of Mexico,Urban proximity
Tuna,South Carolina,34.0858,-80.684,2/6/2018,87,8,10,21,47,1,Yellow,Atlantic Ocean,Tourism area
Tuna,Maine,44.9183,-69.3927,7/7/2016,97,46,15,13,0,23,Yellow,North Atlantic,Tourism area
Whales,Washington,48.2195,-120.5853,2/11/2015,82,11,43,8,10,10,White,North Pacific,Urban proximity
Whales,North Carolina,36.1437,-78.7113,8/15/2018,64,22,9,12,12,9,Yellow,Atlantic Ocean,Urban proximity
Whales,Washington,48.0921,-120.552,3/22/2013,62,26,23,7,5,1,Blue,North Pacific,Tourism area
Whales,Maine,44.7644,-69.4072,8/7/2018,88,37,25,18,1,7,Blue,North Atlantic,Fishing zone
Whales,Washington,47.4274,-120.7275,7/18/2016,91,2,69,14,5,1,Red,North Pacific,Urban proximity
Whales,Alabama,32.5616,-87.3625,5/9/2018,57,13,9,2,22,11,White,Gulf of Mexico,Urban proximity
Whales,North Carolina,35.3765,-79.2495,5/23/2014,53,7,43,3,0,0,Blue,Atlantic Ocean,Fishing zone
Whales,Maine,45.2048,-69.513,12/14/2018,76,13,58,4,1,0,Black,North Atlantic,Shipping route
Whales,Alabama,32.5153,-87.1203,9/12/2016,27,3,22,0,0,2,Blue,Gulf of Mexico,Shipping route
Whales,Alabama,32.8043,-87.3604,3/1/2017,41,7,28,5,1,0,Yellow,Gulf of Mexico,Tourism area
Whales,Alabama,32.1949,-87.2365,3/16/2016,87,11,21,37,9,9,Red,Gulf of Mexico,Shipping route
Whales,North Carolina,36.2564,-78.8665,8/13/2014,26,1,24,1,0,0,Yellow,Atlantic Ocean,Fishing zone
Whales,North Carolina,35.8238,-79.0502,8/24/2014,70,0,22,41,7,0,Blue,Atlantic Ocean,Urban proximity
Whales,North Carolina,35.7593,-79.1892,7/18/2013,51,17,32,1,0,1,Blue,Atlantic Ocean,Shipping route
Whales,Maine,45.1951,-69.303,12/13/2016,92,32,0,40,7,13,Transparent,North Atlantic,Shipping route
Whales,Washington,47.8206,-120.5494,2/27/2015,21,8,13,0,0,0,White,North Pacific,Urban proximity
Whales,Maine,45.0603,-69.4502,6/26/2016,34,8,6,17,0,3,Transparent,North Atlantic,Fishing zone
Whales,North Carolina,35.3624,-79.3306,6/19/2016,78,39,9,27,3,0,Red,Atlantic Ocean,Urban proximity
Whales,South Carolina,34.2081,-81.453,8/8/2014,24,6,8,3,6,1,Yellow,Atlantic Ocean,Fishing zone
Whales,Washington,47.6386,-120.6487,12/20/2014,49,15,21,12,0,1,Black,North Pacific,Shipping route
Whales,Maine,45.0723,-69.6759,1/10/2018,13,4,3,2,0,4,Black,North Atlantic,Urban proximity
Whales,Alabama,32.2328,-87.0468,6/7/2017,99,6,0,7,79,7,Red,Gulf of Mexico,Fishing zone
Whales,Alabama,32.3498,-86.4705,6/6/2018,39,10,6,21,2,0,Yellow,Gulf of Mexico,Tourism area
Whales,South Carolina,34.1149,-80.9771,6/20/2013,86,12,20,22,4,28,Red,Atlantic Ocean,Shipping route
Whales,South Carolina,33.7699,-80.7808,9/21/2013,18,3,4,7,1,3,Blue,Atlantic Ocean,Fishing zone
Whales,Maine,45.4659,-69.5194,9/26/2017,45,12,9,4,10,10,White,North Atlantic,Shipping route
Whales,Washington,47.6837,-121.0194,5/6/2015,53,7,15,26,3,2,Transparent,North Pacific,Shipping route
Whales,North Carolina,35.6436,-79.3092,6/15/2017,48,12,29,0,0,7,Red,Atlantic Ocean,Shipping route
Whales,Alabama,32.4192,-86.8372,5/27/2013,53,24,9,9,5,6,White,Gulf of Mexico,Tourism area
Whales,North Carolina,35.6148,-79.2486,3/20/2018,32,13,17,2,0,0,White,Atlantic Ocean,Shipping route
Whales,North Carolina,36.0068,-78.663,6/14/2013,79,14,52,0,2,11,Blue,Atlantic Ocean,Fishing zone
Whales,North Carolina,35.9597,-78.5302,11/28/2013,35,17,4,5,0,9,White,Atlantic Ocean,Shipping route
Whales,South Carolina,33.9095,-81.5388,11/23/2019,10,5,2,1,0,2,Yellow,Atlantic Ocean,Fishing zone
Whales,Maine,44.8759,-69.0922,4/8/2017,99,49,9,10,3,28,Blue,North Atlantic,Fishing zone
Whales,South Carolina,33.8481,-81.525,6/15/2014,66,1,40,9,13,3,Blue,Atlantic Ocean,Fishing zone
Whales,Maine,44.8761,-69.8885,7/22/2018,7,1,2,3,0,1,Red,North Atlantic,Shipping route
Whales,Maine,44.8788,-69.7819,1/12/2019,41,16,5,17,2,1,Black,North Atlantic,Shipping route
Whales,Washington,47.3845,-120.719,7/19/2016,61,1,24,36,0,0,Black,North Pacific,Shipping route
Whales,Alabama,31.8683,-86.6065,4/21/2017,89,0,85,1,3,0,Transparent,Gulf of Mexico,Shipping route
Whales,Maine,44.8807,-68.9863,7/14/2016,9,4,1,4,0,0,White,North Atlantic,Shipping route
Whales,Washington,47.4181,-120.9591,1/18/2018,100,5,87,8,0,0,Red,North Pacific,Urban proximity
Whales,North Carolina,36.1349,-79.3419,1/21/2019,27,4,4,17,2,0,White,Atlantic Ocean,Shipping route
Whales,Maine,45.5306,-69.822,3/7/2017,47,23,20,0,4,0,Blue,North Atlantic,Urban proximity
Whales,North Carolina,35.7136,-79.3617,11/14/2013,44,2,9,29,1,3,Blue,Atlantic Ocean,Tourism area
Whales,Maine,44.9858,-69.5163,8/17/2019,50,10,10,20,5,5,White,North Atlantic,Urban proximity
Whales,Maine,45.0361,-69.0208,7/20/2016,64,29,31,4,0,0,Black,North Atlantic,Tourism area
Whales,Alabama,31.9259,-87.1344,5/4/2018,54,9,27,0,3,15,Blue,Gulf of Mexico,Shipping route
Whales,Maine,45.1564,-69.2881,10/21/2019,77,19,1,47,4,6,Black,North Atlantic,Urban proximity
Whales,South Carolina,33.8443,-81.0141,10/14/2015,6,1,3,0,0,2,Blue,Atlantic Ocean,Tourism area
Whales,North Carolina,36.0709,-79.5073,12/23/2019,31,9,3,1,9,9,Black,Atlantic Ocean,Urban proximity
Whales,South Carolina,34.069,-81.4982,11/18/2014,41,15,17,2,4,3,Transparent,Atlantic Ocean,Shipping route
Whales,Alabama,32.6782,-87.0519,3/25/2013,5,1,1,1,2,0,Blue,Gulf of Mexico,Shipping route
Whales,Alabama,32.4369,-86.5633,7/23/2017,14,0,3,1,1,9,Blue,Gulf of Mexico,Fishing zone
Whales,Alabama,32.546,-86.4095,10/27/2015,80,5,4,52,3,16,White,Gulf of Mexico,Tourism area
Whales,Washington,48.1023,-120.4854,5/5/2014,84,11,27,6,33,7,Transparent,North Pacific,Urban proximity
Whales,North Carolina,35.6079,-79.5034,4/21/2019,73,20,48,5,0,0,Red,Atlantic Ocean,Tourism area
Whales,Maine,45.2699,-69.6258,9/1/2018,12,1,3,3,5,0,Black,North Atlantic,Tourism area
Whales,Alabama,32.2321,-87.27,6/10/2017,35,7,17,5,5,1,Black,Gulf of Mexico,Urban proximity
Whales,Alabama,31.8289,-87.1549,4/1/2014,22,1,21,0,0,0,Blue,Gulf of Mexico,Shipping route
Whales,South Carolina,33.6203,-81.6011,10/22/2013,75,30,16,22,4,3,Transparent,Atlantic Ocean,Urban proximity
Whales,South Carolina,34.3237,-80.9108,6/19/2019,97,15,53,14,14,1,Red,Atlantic Ocean,Tourism area
Whales,Maine,44.9829,-69.9122,9/14/2019,59,6,18,5,9,21,Yellow,North Atlantic,Tourism area
Whales,Alabama,32.14,-87.3593,4/15/2016,32,11,9,3,3,6,Black,Gulf of Mexico,Shipping route
Whales,South Carolina,33.5002,-81.5054,8/25/2018,89,11,34,27,12,5,Blue,Atlantic Ocean,Tourism area
Whales,North Carolina,36.0935,-79.1115,7/23/2017,98,30,45,15,2,6,Transparent,Atlantic Ocean,Fishing zone
